2026-09-04T20:53:54+00:00
0, NVIDIA H200, 36, 78.98, 0, 143771, 0, 0
1, NVIDIA H200, 41, 82.80, 0, 143771, 0, 0
2, NVIDIA H200, 40, 78.08, 0, 143771, 0, 0
3, NVIDIA H200, 36, 79.95, 0, 143771, 0, 0
4, NVIDIA H200, 35, 79.51, 0, 143771, 0, 0
5, NVIDIA H200, 39, 78.04, 0, 143771, 0, 0
6, NVIDIA H200, 38, 79.59, 0, 143771, 0, 0
7, NVIDIA H200, 36, 78.71, 0, 143771, 0, 0
2026-09-04T20:53:59+00:00
0, NVIDIA H200, 36, 78.94, 4, 143771, 0, 0
1, NVIDIA H200, 41, 82.79, 4, 143771, 0, 0
2, NVIDIA H200, 39, 77.94, 4, 143771, 0, 0
3, NVIDIA H200, 36, 79.89, 4, 143771, 0, 0
4, NVIDIA H200, 35, 79.44, 4, 143771, 0, 0
5, NVIDIA H200, 39, 77.96, 4, 143771, 0, 0
6, NVIDIA H200, 38, 79.50, 4, 143771, 0, 0
7, NVIDIA H200, 36, 78.69, 4, 143771, 0, 0
2026-09-04T20:54:06+00:00
0, NVIDIA H200, 38, 127.44, 30, 143771, 0, 0
1, NVIDIA H200, 43, 131.12, 29, 143771, 0, 0
2, NVIDIA H200, 41, 124.65, 29, 143771, 0, 0
3, NVIDIA H200, 38, 127.84, 29, 143771, 0, 0
4, NVIDIA H200, 37, 125.80, 30, 143771, 0, 0
5, NVIDIA H200, 40, 119.55, 536, 143771, 0, 0
6, NVIDIA H200, 40, 128.43, 29, 143771, 0, 0
7, NVIDIA H200, 37, 125.78, 29, 143771, 0, 0
2026-09-04T20:54:12+00:00
0, NVIDIA H200, 38, 123.39, 137230, 143771, 0, 0
1, NVIDIA H200, 43, 127.31, 137230, 143771, 0, 0
2, NVIDIA H200, 41, 120.60, 137242, 143771, 0, 0
3, NVIDIA H200, 38, 123.82, 137252, 143771, 0, 0
4, NVIDIA H200, 37, 121.38, 137248, 143771, 0, 0
5, NVIDIA H200, 40, 119.74, 137242, 143771, 0, 0
6, NVIDIA H200, 40, 124.29, 137238, 143771, 0, 0
7, NVIDIA H200, 37, 120.73, 137250, 143771, 0, 0
2026-09-04T20:54:18+00:00
0, NVIDIA H200, 38, 123.27, 138296, 143771, 0, 0
1, NVIDIA H200, 43, 126.65, 138296, 143771, 0, 0
2, NVIDIA H200, 41, 120.51, 138296, 143771, 0, 0
3, NVIDIA H200, 38, 123.66, 138296, 143771, 0, 0
4, NVIDIA H200, 37, 121.14, 138296, 143771, 0, 0
5, NVIDIA H200, 40, 119.63, 138296, 143771, 0, 0
6, NVIDIA H200, 40, 124.17, 138296, 143771, 0, 0
7, NVIDIA H200, 37, 121.19, 138296, 143771, 0, 0
2026-09-04T20:54:23+00:00
0, NVIDIA H200, 38, 123.26, 138318, 143771, 0, 0
1, NVIDIA H200, 43, 126.75, 138318, 143771, 0, 0
2, NVIDIA H200, 41, 120.50, 138628, 143771, 0, 0
3, NVIDIA H200, 38, 123.64, 138318, 143771, 0, 0
4, NVIDIA H200, 37, 121.17, 138318, 143771, 0, 0
5, NVIDIA H200, 40, 119.54, 138318, 143771, 0, 0
6, NVIDIA H200, 40, 124.13, 138318, 143771, 0, 0
7, NVIDIA H200, 37, 121.19, 138318, 143771, 0, 0
2026-09-04T20:54:28+00:00
0, NVIDIA H200, 38, 123.41, 141502, 143771, 0, 0
1, NVIDIA H200, 43, 126.69, 141502, 143771, 0, 0
2, NVIDIA H200, 41, 120.56, 141502, 143771, 0, 0
3, NVIDIA H200, 38, 123.67, 141502, 143771, 0, 0
4, NVIDIA H200, 37, 121.25, 141502, 143771, 0, 0
5, NVIDIA H200, 40, 119.73, 141502, 143771, 0, 0
6, NVIDIA H200, 40, 124.18, 141502, 143771, 0, 0
7, NVIDIA H200, 37, 121.23, 141502, 143771, 0, 0
2026-09-04T20:54:34+00:00
0, NVIDIA H200, 39, 129.26, 141820, 143771, 17, 0
1, NVIDIA H200, 43, 135.45, 141820, 143771, 48, 8
2, NVIDIA H200, 42, 128.39, 141820, 143771, 34, 8
3, NVIDIA H200, 38, 131.42, 141820, 143771, 14, 3
4, NVIDIA H200, 37, 130.40, 141820, 143771, 48, 10
5, NVIDIA H200, 41, 126.96, 141820, 143771, 47, 5
6, NVIDIA H200, 40, 137.85, 141820, 143771, 25, 8
7, NVIDIA H200, 38, 128.64, 141820, 143771, 29, 0
2026-09-04T20:54:39+00:00
0, NVIDIA H200, 51, 344.22, 141820, 143771, 100, 37
1, NVIDIA H200, 58, 387.86, 141820, 143771, 100, 36
2, NVIDIA H200, 54, 383.46, 141820, 143771, 100, 37
3, NVIDIA H200, 52, 385.14, 141820, 143771, 100, 38
4, NVIDIA H200, 51, 397.89, 141820, 143771, 100, 31
5, NVIDIA H200, 54, 348.17, 141820, 143771, 100, 32
6, NVIDIA H200, 53, 388.72, 141820, 143771, 100, 37
7, NVIDIA H200, 52, 370.71, 141820, 143771, 100, 38
2026-09-04T20:54:44+00:00
0, NVIDIA H200, 56, 695.82, 141820, 143771, 100, 37
1, NVIDIA H200, 62, 695.53, 141820, 143771, 100, 37
2, NVIDIA H200, 60, 696.36, 141820, 143771, 100, 37
3, NVIDIA H200, 57, 696.74, 141820, 143771, 100, 37
4, NVIDIA H200, 57, 692.98, 141820, 143771, 100, 37
5, NVIDIA H200, 60, 696.39, 141820, 143771, 100, 37
6, NVIDIA H200, 60, 693.83, 141820, 143771, 100, 35
7, NVIDIA H200, 57, 691.19, 141820, 143771, 100, 36
2026-09-04T20:54:49+00:00
0, NVIDIA H200, 58, 699.75, 141820, 143771, 98, 32
1, NVIDIA H200, 65, 693.65, 141820, 143771, 98, 33
2, NVIDIA H200, 63, 693.65, 141820, 143771, 98, 32
3, NVIDIA H200, 59, 689.55, 141820, 143771, 98, 33
4, NVIDIA H200, 60, 693.64, 141820, 143771, 98, 32
5, NVIDIA H200, 62, 688.81, 141820, 143771, 98, 33
6, NVIDIA H200, 63, 692.91, 141820, 143771, 98, 33
7, NVIDIA H200, 59, 692.47, 141820, 143771, 98, 33
2026-09-04T20:54:55+00:00
0, NVIDIA H200, 53, 521.55, 141820, 143771, 100, 32
1, NVIDIA H200, 60, 534.03, 141820, 143771, 99, 20
2, NVIDIA H200, 58, 529.67, 141820, 143771, 100, 19
3, NVIDIA H200, 53, 528.50, 141820, 143771, 100, 26
4, NVIDIA H200, 52, 513.15, 141820, 143771, 100, 27
5, NVIDIA H200, 57, 499.63, 141820, 143771, 100, 23
6, NVIDIA H200, 56, 512.57, 141820, 143771, 100, 19
7, NVIDIA H200, 52, 488.98, 141820, 143771, 100, 25
2026-09-04T20:55:00+00:00
0, NVIDIA H200, 61, 693.03, 141820, 143771, 98, 33
1, NVIDIA H200, 68, 694.13, 141820, 143771, 98, 33
2, NVIDIA H200, 67, 690.80, 141820, 143771, 98, 33
3, NVIDIA H200, 62, 691.95, 141820, 143771, 98, 33
4, NVIDIA H200, 62, 695.32, 141820, 143771, 98, 33
5, NVIDIA H200, 66, 689.86, 141820, 143771, 98, 33
6, NVIDIA H200, 65, 693.65, 141820, 143771, 98, 33
7, NVIDIA H200, 61, 693.54, 141820, 143771, 98, 33
2026-09-04T20:55:05+00:00
0, NVIDIA H200, 58, 704.79, 141820, 143771, 100, 29
1, NVIDIA H200, 67, 700.60, 141820, 143771, 100, 36
2, NVIDIA H200, 65, 690.97, 141820, 143771, 100, 36
3, NVIDIA H200, 59, 692.77, 141820, 143771, 100, 36
4, NVIDIA H200, 58, 700.51, 141820, 143771, 100, 35
5, NVIDIA H200, 64, 693.78, 141820, 143771, 100, 35
6, NVIDIA H200, 64, 703.29, 141820, 143771, 100, 35
7, NVIDIA H200, 59, 689.31, 141820, 143771, 100, 33
2026-09-04T20:55:10+00:00
0, NVIDIA H200, 61, 695.96, 141820, 143771, 100, 37
1, NVIDIA H200, 70, 694.27, 141820, 143771, 100, 36
2, NVIDIA H200, 68, 692.80, 141820, 143771, 100, 36
3, NVIDIA H200, 63, 691.89, 141820, 143771, 100, 37
4, NVIDIA H200, 63, 693.97, 141820, 143771, 100, 36
5, NVIDIA H200, 68, 690.67, 141820, 143771, 100, 35
6, NVIDIA H200, 67, 693.22, 141820, 143771, 100, 37
7, NVIDIA H200, 62, 692.15, 141820, 143771, 100, 37
2026-09-04T20:55:16+00:00
0, NVIDIA H200, 62, 692.50, 141820, 143771, 98, 33
1, NVIDIA H200, 71, 695.13, 141820, 143771, 97, 33
2, NVIDIA H200, 70, 694.32, 141820, 143771, 98, 33
3, NVIDIA H200, 63, 695.04, 141820, 143771, 98, 33
4, NVIDIA H200, 63, 693.43, 141820, 143771, 98, 34
5, NVIDIA H200, 69, 693.01, 141820, 143771, 98, 34
6, NVIDIA H200, 68, 692.85, 141820, 143771, 98, 33
7, NVIDIA H200, 63, 691.59, 141820, 143771, 98, 33
2026-09-04T20:55:21+00:00
0, NVIDIA H200, 63, 696.89, 141820, 143771, 98, 34
1, NVIDIA H200, 72, 692.91, 141820, 143771, 97, 34
2, NVIDIA H200, 70, 692.49, 141820, 143771, 98, 34
3, NVIDIA H200, 64, 693.31, 141820, 143771, 98, 34
4, NVIDIA H200, 64, 693.55, 141820, 143771, 98, 34
5, NVIDIA H200, 69, 692.44, 141820, 143771, 98, 34
6, NVIDIA H200, 69, 693.34, 141820, 143771, 98, 34
7, NVIDIA H200, 63, 692.05, 141820, 143771, 98, 34
2026-09-04T20:55:26+00:00
0, NVIDIA H200, 61, 426.45, 141820, 143771, 97, 34
1, NVIDIA H200, 69, 434.06, 141820, 143771, 99, 10
2, NVIDIA H200, 66, 398.53, 141820, 143771, 99, 34
3, NVIDIA H200, 62, 446.01, 141820, 143771, 99, 30
4, NVIDIA H200, 61, 411.41, 141820, 143771, 100, 34
5, NVIDIA H200, 66, 422.22, 141820, 143771, 98, 33
6, NVIDIA H200, 67, 429.58, 141820, 143771, 99, 34
7, NVIDIA H200, 60, 437.52, 141820, 143771, 98, 27
2026-09-04T20:55:31+00:00
0, NVIDIA H200, 63, 692.55, 141820, 143771, 98, 34
1, NVIDIA H200, 72, 695.21, 141820, 143771, 98, 33
2, NVIDIA H200, 70, 695.11, 141820, 143771, 98, 33
3, NVIDIA H200, 63, 696.69, 141820, 143771, 98, 33
4, NVIDIA H200, 62, 693.18, 141820, 143771, 98, 33
5, NVIDIA H200, 69, 694.10, 141820, 143771, 98, 34
6, NVIDIA H200, 68, 694.32, 141820, 143771, 98, 33
7, NVIDIA H200, 63, 692.79, 141820, 143771, 98, 34
2026-09-04T20:55:36+00:00
0, NVIDIA H200, 61, 693.94, 141820, 143771, 98, 32
1, NVIDIA H200, 70, 694.86, 141820, 143771, 98, 32
2, NVIDIA H200, 69, 690.85, 141820, 143771, 98, 32
3, NVIDIA H200, 62, 695.00, 141820, 143771, 98, 32
4, NVIDIA H200, 62, 692.41, 141820, 143771, 98, 32
5, NVIDIA H200, 68, 694.06, 141820, 143771, 98, 32
6, NVIDIA H200, 67, 697.12, 141820, 143771, 98, 32
7, NVIDIA H200, 62, 695.59, 141820, 143771, 98, 33
2026-09-04T20:55:42+00:00
0, NVIDIA H200, 62, 536.62, 141820, 143771, 98, 34
1, NVIDIA H200, 71, 546.78, 141820, 143771, 97, 34
2, NVIDIA H200, 69, 534.12, 141820, 143771, 98, 34
3, NVIDIA H200, 63, 530.59, 141820, 143771, 98, 34
4, NVIDIA H200, 62, 539.55, 141820, 143771, 98, 34
5, NVIDIA H200, 69, 534.56, 141820, 143771, 98, 34
6, NVIDIA H200, 69, 552.89, 141820, 143771, 98, 35
7, NVIDIA H200, 62, 555.43, 141820, 143771, 98, 34
2026-09-04T20:55:47+00:00
0, NVIDIA H200, 62, 691.61, 141820, 143771, 98, 34
1, NVIDIA H200, 71, 692.15, 141820, 143771, 97, 34
2, NVIDIA H200, 70, 693.31, 141820, 143771, 98, 33
3, NVIDIA H200, 63, 691.95, 141820, 143771, 98, 33
4, NVIDIA H200, 63, 691.54, 141820, 143771, 98, 34
5, NVIDIA H200, 69, 689.57, 141820, 143771, 98, 33
6, NVIDIA H200, 68, 696.14, 141820, 143771, 98, 33
7, NVIDIA H200, 63, 694.10, 141820, 143771, 98, 33
2026-09-04T20:55:52+00:00
0, NVIDIA H200, 62, 696.37, 141820, 143771, 98, 34
1, NVIDIA H200, 71, 697.36, 141820, 143771, 98, 33
2, NVIDIA H200, 70, 697.22, 141820, 143771, 98, 33
3, NVIDIA H200, 63, 696.81, 141820, 143771, 98, 33
4, NVIDIA H200, 62, 696.26, 141820, 143771, 98, 34
5, NVIDIA H200, 69, 694.94, 141820, 143771, 98, 34
6, NVIDIA H200, 69, 697.44, 141820, 143771, 98, 33
7, NVIDIA H200, 62, 693.16, 141820, 143771, 98, 34
2026-09-04T20:55:57+00:00
0, NVIDIA H200, 62, 661.80, 141820, 143771, 98, 34
1, NVIDIA H200, 72, 675.58, 141820, 143771, 98, 34
2, NVIDIA H200, 70, 672.16, 141820, 143771, 98, 34
3, NVIDIA H200, 63, 674.34, 141820, 143771, 98, 33
4, NVIDIA H200, 62, 678.27, 141820, 143771, 98, 34
5, NVIDIA H200, 68, 657.10, 141820, 143771, 98, 34
6, NVIDIA H200, 69, 686.43, 141820, 143771, 98, 34
7, NVIDIA H200, 60, 676.01, 141820, 143771, 98, 34
2026-09-04T20:56:03+00:00
0, NVIDIA H200, 62, 688.98, 141820, 143771, 98, 33
1, NVIDIA H200, 71, 694.79, 141820, 143771, 98, 33
2, NVIDIA H200, 70, 694.64, 141820, 143771, 98, 33
3, NVIDIA H200, 63, 695.41, 141820, 143771, 98, 33
4, NVIDIA H200, 63, 691.80, 141820, 143771, 98, 33
5, NVIDIA H200, 69, 690.58, 141820, 143771, 98, 33
6, NVIDIA H200, 68, 695.24, 141820, 143771, 97, 33
7, NVIDIA H200, 63, 695.41, 141820, 143771, 98, 33
2026-09-04T20:56:08+00:00
0, NVIDIA H200, 62, 693.77, 141820, 143771, 98, 34
1, NVIDIA H200, 72, 693.60, 141820, 143771, 97, 34
2, NVIDIA H200, 71, 696.02, 141820, 143771, 98, 34
3, NVIDIA H200, 64, 694.85, 141820, 143771, 98, 34
4, NVIDIA H200, 63, 695.51, 141820, 143771, 98, 34
5, NVIDIA H200, 69, 694.87, 141820, 143771, 98, 34
6, NVIDIA H200, 69, 695.92, 141820, 143771, 98, 34
7, NVIDIA H200, 63, 693.47, 141820, 143771, 98, 34
2026-09-04T20:56:13+00:00
0, NVIDIA H200, 60, 703.07, 141820, 143771, 98, 30
1, NVIDIA H200, 67, 702.28, 141820, 143771, 98, 28
2, NVIDIA H200, 68, 701.04, 141820, 143771, 98, 28
3, NVIDIA H200, 61, 702.19, 141820, 143771, 98, 28
4, NVIDIA H200, 62, 708.33, 141820, 143771, 98, 31
5, NVIDIA H200, 68, 696.39, 141820, 143771, 98, 31
6, NVIDIA H200, 65, 697.98, 141820, 143771, 98, 32
7, NVIDIA H200, 62, 697.28, 141820, 143771, 98, 33
2026-09-04T20:56:18+00:00
0, NVIDIA H200, 62, 696.15, 141820, 143771, 98, 33
1, NVIDIA H200, 71, 695.62, 141820, 143771, 97, 34
2, NVIDIA H200, 70, 691.22, 141820, 143771, 98, 33
3, NVIDIA H200, 63, 697.99, 141820, 143771, 98, 33
4, NVIDIA H200, 63, 696.07, 141820, 143771, 98, 34
5, NVIDIA H200, 69, 694.40, 141820, 143771, 98, 34
6, NVIDIA H200, 69, 694.65, 141820, 143771, 98, 34
7, NVIDIA H200, 63, 696.31, 141820, 143771, 98, 34
2026-09-04T20:56:24+00:00
0, NVIDIA H200, 62, 695.46, 141820, 143771, 97, 34
1, NVIDIA H200, 72, 693.74, 141820, 143771, 98, 34
2, NVIDIA H200, 70, 692.89, 141820, 143771, 98, 34
3, NVIDIA H200, 63, 693.33, 141820, 143771, 98, 34
4, NVIDIA H200, 63, 691.19, 141820, 143771, 98, 34
5, NVIDIA H200, 69, 694.62, 141820, 143771, 98, 34
6, NVIDIA H200, 69, 693.53, 141820, 143771, 98, 34
7, NVIDIA H200, 63, 690.09, 141820, 143771, 98, 34
2026-09-04T20:56:29+00:00
0, NVIDIA H200, 62, 693.19, 141820, 143771, 98, 34
1, NVIDIA H200, 71, 694.33, 141820, 143771, 98, 33
2, NVIDIA H200, 70, 691.34, 141820, 143771, 98, 34
3, NVIDIA H200, 63, 695.27, 141820, 143771, 98, 34
4, NVIDIA H200, 63, 693.86, 141820, 143771, 98, 33
5, NVIDIA H200, 69, 695.17, 141820, 143771, 98, 34
6, NVIDIA H200, 69, 693.02, 141820, 143771, 98, 34
7, NVIDIA H200, 63, 690.01, 141820, 143771, 98, 33
2026-09-04T20:56:34+00:00
0, NVIDIA H200, 60, 693.84, 141820, 143771, 98, 33
1, NVIDIA H200, 69, 695.50, 141820, 143771, 98, 32
2, NVIDIA H200, 69, 691.58, 141820, 143771, 98, 33
3, NVIDIA H200, 62, 692.36, 141820, 143771, 98, 33
4, NVIDIA H200, 62, 693.72, 141820, 143771, 98, 32
5, NVIDIA H200, 68, 693.73, 141820, 143771, 98, 32
6, NVIDIA H200, 67, 696.07, 141820, 143771, 98, 32
7, NVIDIA H200, 62, 694.77, 141820, 143771, 98, 32
2026-09-04T20:56:39+00:00
0, NVIDIA H200, 62, 698.01, 141820, 143771, 98, 33
1, NVIDIA H200, 71, 695.31, 141820, 143771, 98, 34
2, NVIDIA H200, 70, 695.10, 141820, 143771, 98, 33
3, NVIDIA H200, 63, 696.34, 141820, 143771, 98, 33
4, NVIDIA H200, 63, 695.10, 141820, 143771, 98, 33
5, NVIDIA H200, 69, 695.93, 141820, 143771, 98, 33
6, NVIDIA H200, 68, 697.68, 141820, 143771, 98, 34
7, NVIDIA H200, 63, 692.64, 141820, 143771, 98, 34
2026-09-04T20:56:45+00:00
0, NVIDIA H200, 54, 393.42, 141820, 143771, 100, 20
1, NVIDIA H200, 62, 405.67, 141820, 143771, 100, 14
2, NVIDIA H200, 62, 395.45, 141820, 143771, 100, 26
3, NVIDIA H200, 53, 406.68, 141820, 143771, 100, 24
4, NVIDIA H200, 55, 393.44, 141820, 143771, 100, 16
5, NVIDIA H200, 61, 395.07, 141820, 143771, 100, 21
6, NVIDIA H200, 60, 409.86, 141820, 143771, 100, 25
7, NVIDIA H200, 55, 406.70, 141820, 143771, 100, 25
2026-09-04T20:56:50+00:00
0, NVIDIA H200, 62, 692.85, 141820, 143771, 98, 34
1, NVIDIA H200, 71, 693.41, 141820, 143771, 98, 34
2, NVIDIA H200, 71, 692.23, 141820, 143771, 98, 34
3, NVIDIA H200, 63, 692.32, 141820, 143771, 98, 33
4, NVIDIA H200, 63, 693.60, 141820, 143771, 98, 34
5, NVIDIA H200, 69, 693.90, 141820, 143771, 98, 34
6, NVIDIA H200, 69, 694.29, 141820, 143771, 98, 34
7, NVIDIA H200, 63, 691.88, 141820, 143771, 98, 34
2026-09-04T20:56:55+00:00
0, NVIDIA H200, 62, 693.79, 141820, 143771, 98, 33
1, NVIDIA H200, 71, 693.84, 141820, 143771, 98, 33
2, NVIDIA H200, 70, 694.90, 141820, 143771, 98, 33
3, NVIDIA H200, 63, 692.09, 141820, 143771, 98, 33
4, NVIDIA H200, 63, 694.16, 141820, 143771, 98, 33
5, NVIDIA H200, 69, 692.62, 141820, 143771, 98, 33
6, NVIDIA H200, 69, 693.57, 141820, 143771, 98, 33
7, NVIDIA H200, 63, 694.71, 141820, 143771, 98, 33
2026-09-04T20:57:00+00:00
0, NVIDIA H200, 60, 693.40, 141820, 143771, 98, 32
1, NVIDIA H200, 69, 697.64, 141820, 143771, 98, 32
2, NVIDIA H200, 69, 696.99, 141820, 143771, 98, 32
3, NVIDIA H200, 62, 695.02, 141820, 143771, 98, 32
4, NVIDIA H200, 61, 696.68, 141820, 143771, 98, 32
5, NVIDIA H200, 68, 695.85, 141820, 143771, 98, 32
6, NVIDIA H200, 67, 697.62, 141820, 143771, 98, 33
7, NVIDIA H200, 62, 695.06, 141820, 143771, 98, 32
2026-09-04T20:57:05+00:00
0, NVIDIA H200, 62, 695.26, 141820, 143771, 98, 34
1, NVIDIA H200, 71, 693.76, 141820, 143771, 97, 34
2, NVIDIA H200, 70, 694.12, 141820, 143771, 98, 33
3, NVIDIA H200, 64, 694.06, 141820, 143771, 98, 34
4, NVIDIA H200, 63, 694.11, 141820, 143771, 98, 34
5, NVIDIA H200, 70, 695.24, 141820, 143771, 98, 34
6, NVIDIA H200, 69, 695.51, 141820, 143771, 98, 34
7, NVIDIA H200, 63, 691.96, 141820, 143771, 98, 34
2026-09-04T20:57:11+00:00
0, NVIDIA H200, 62, 694.95, 141820, 143771, 98, 34
1, NVIDIA H200, 71, 696.14, 141820, 143771, 97, 34
2, NVIDIA H200, 71, 693.95, 141820, 143771, 98, 34
3, NVIDIA H200, 64, 695.34, 141820, 143771, 98, 34
4, NVIDIA H200, 63, 694.99, 141820, 143771, 98, 34
5, NVIDIA H200, 70, 694.48, 141820, 143771, 98, 34
6, NVIDIA H200, 69, 694.45, 141820, 143771, 98, 34
7, NVIDIA H200, 63, 694.61, 141820, 143771, 98, 34
2026-09-04T20:57:16+00:00
0, NVIDIA H200, 60, 699.59, 141820, 143771, 98, 30
1, NVIDIA H200, 70, 696.11, 141820, 143771, 98, 32
2, NVIDIA H200, 69, 695.97, 141820, 143771, 98, 33
3, NVIDIA H200, 63, 700.20, 141820, 143771, 98, 32
4, NVIDIA H200, 61, 694.17, 141820, 143771, 98, 32
5, NVIDIA H200, 68, 697.57, 141820, 143771, 98, 34
6, NVIDIA H200, 67, 696.71, 141820, 143771, 98, 32
7, NVIDIA H200, 62, 696.71, 141820, 143771, 98, 33
2026-09-04T20:57:21+00:00
0, NVIDIA H200, 62, 694.30, 141820, 143771, 98, 33
1, NVIDIA H200, 72, 695.52, 141820, 143771, 97, 34
2, NVIDIA H200, 71, 692.63, 141820, 143771, 98, 34
3, NVIDIA H200, 63, 696.91, 141820, 143771, 97, 34
4, NVIDIA H200, 63, 696.24, 141820, 143771, 98, 34
5, NVIDIA H200, 70, 694.69, 141820, 143771, 98, 34
6, NVIDIA H200, 69, 693.80, 141820, 143771, 98, 34
7, NVIDIA H200, 63, 692.67, 141820, 143771, 98, 34
2026-09-04T20:57:26+00:00
0, NVIDIA H200, 62, 691.74, 141820, 143771, 98, 34
1, NVIDIA H200, 72, 694.22, 141820, 143771, 98, 33
2, NVIDIA H200, 71, 692.45, 141820, 143771, 98, 33
3, NVIDIA H200, 64, 694.11, 141820, 143771, 98, 34
4, NVIDIA H200, 63, 693.44, 141820, 143771, 98, 34
5, NVIDIA H200, 70, 692.97, 141820, 143771, 98, 33
6, NVIDIA H200, 70, 694.93, 141820, 143771, 98, 34
7, NVIDIA H200, 63, 692.54, 141820, 143771, 98, 33
2026-09-04T20:57:32+00:00
0, NVIDIA H200, 56, 420.33, 141820, 143771, 99, 19
1, NVIDIA H200, 68, 436.86, 141820, 143771, 99, 32
2, NVIDIA H200, 66, 412.11, 141820, 143771, 99, 26
3, NVIDIA H200, 59, 409.60, 141820, 143771, 99, 26
4, NVIDIA H200, 59, 426.80, 141820, 143771, 99, 22
5, NVIDIA H200, 64, 423.20, 141820, 143771, 99, 21
6, NVIDIA H200, 63, 436.86, 141820, 143771, 99, 27
7, NVIDIA H200, 57, 439.56, 141820, 143771, 98, 24
2026-09-04T20:57:37+00:00
0, NVIDIA H200, 62, 694.73, 141820, 143771, 98, 34
1, NVIDIA H200, 71, 693.83, 141820, 143771, 98, 33
2, NVIDIA H200, 71, 696.11, 141820, 143771, 98, 34
3, NVIDIA H200, 63, 692.60, 141820, 143771, 98, 34
4, NVIDIA H200, 63, 689.58, 141820, 143771, 98, 33
5, NVIDIA H200, 70, 692.49, 141820, 143771, 98, 33
6, NVIDIA H200, 69, 694.00, 141820, 143771, 98, 33
7, NVIDIA H200, 63, 695.18, 141820, 143771, 98, 34
2026-09-04T20:57:42+00:00
0, NVIDIA H200, 62, 691.79, 141820, 143771, 98, 34
1, NVIDIA H200, 72, 693.95, 141820, 143771, 98, 34
2, NVIDIA H200, 71, 693.32, 141820, 143771, 98, 34
3, NVIDIA H200, 64, 691.04, 141820, 143771, 98, 34
4, NVIDIA H200, 63, 693.17, 141820, 143771, 98, 33
5, NVIDIA H200, 70, 692.44, 141820, 143771, 98, 33
6, NVIDIA H200, 69, 693.54, 141820, 143771, 98, 34
7, NVIDIA H200, 63, 692.78, 141820, 143771, 98, 34
2026-09-04T20:57:47+00:00
0, NVIDIA H200, 62, 694.53, 141820, 143771, 98, 33
1, NVIDIA H200, 72, 694.00, 141820, 143771, 98, 33
2, NVIDIA H200, 71, 693.07, 141820, 143771, 98, 34
3, NVIDIA H200, 64, 692.81, 141820, 143771, 98, 33
4, NVIDIA H200, 63, 694.27, 141820, 143771, 98, 33
5, NVIDIA H200, 70, 690.77, 141820, 143771, 98, 33
6, NVIDIA H200, 69, 694.89, 141820, 143771, 98, 33
7, NVIDIA H200, 63, 693.72, 141820, 143771, 98, 33
2026-09-04T20:57:52+00:00
0, NVIDIA H200, 55, 466.80, 141820, 143771, 100, 34
1, NVIDIA H200, 64, 481.23, 141820, 143771, 99, 26
2, NVIDIA H200, 62, 431.03, 141820, 143771, 99, 18
3, NVIDIA H200, 56, 447.41, 141820, 143771, 100, 28
4, NVIDIA H200, 54, 457.23, 141820, 143771, 99, 11
5, NVIDIA H200, 60, 445.70, 141820, 143771, 100, 19
6, NVIDIA H200, 61, 447.30, 141820, 143771, 100, 24
7, NVIDIA H200, 55, 439.75, 141820, 143771, 99, 15
2026-09-04T20:57:58+00:00
0, NVIDIA H200, 61, 693.70, 141820, 143771, 98, 33
1, NVIDIA H200, 71, 694.33, 141820, 143771, 98, 33
2, NVIDIA H200, 71, 693.86, 141820, 143771, 98, 33
3, NVIDIA H200, 63, 693.43, 141820, 143771, 98, 33
4, NVIDIA H200, 63, 691.62, 141820, 143771, 98, 33
5, NVIDIA H200, 70, 692.80, 141820, 143771, 98, 33
6, NVIDIA H200, 69, 694.94, 141820, 143771, 98, 33
7, NVIDIA H200, 63, 693.44, 141820, 143771, 98, 33
2026-09-04T20:58:03+00:00
0, NVIDIA H200, 61, 694.79, 141820, 143771, 98, 33
1, NVIDIA H200, 71, 694.14, 141820, 143771, 98, 33
2, NVIDIA H200, 71, 696.05, 141820, 143771, 98, 34
3, NVIDIA H200, 64, 692.27, 141820, 143771, 98, 34
4, NVIDIA H200, 63, 694.37, 141820, 143771, 98, 34
5, NVIDIA H200, 70, 692.94, 141820, 143771, 98, 34
6, NVIDIA H200, 69, 695.16, 141820, 143771, 98, 33
7, NVIDIA H200, 63, 695.76, 141820, 143771, 98, 33
2026-09-04T20:58:08+00:00
0, NVIDIA H200, 62, 694.48, 141820, 143771, 98, 33
1, NVIDIA H200, 71, 694.60, 141820, 143771, 98, 34
2, NVIDIA H200, 71, 693.11, 141820, 143771, 98, 33
3, NVIDIA H200, 64, 693.08, 141820, 143771, 98, 33
4, NVIDIA H200, 63, 693.42, 141820, 143771, 98, 33
5, NVIDIA H200, 70, 692.87, 141820, 143771, 98, 33
6, NVIDIA H200, 69, 697.12, 141820, 143771, 98, 34
7, NVIDIA H200, 63, 693.95, 141820, 143771, 98, 34
2026-09-04T20:58:13+00:00
0, NVIDIA H200, 55, 564.09, 141820, 143771, 99, 14
1, NVIDIA H200, 65, 579.33, 141820, 143771, 99, 15
2, NVIDIA H200, 64, 559.82, 141820, 143771, 99, 19
3, NVIDIA H200, 56, 550.23, 141820, 143771, 99, 19
4, NVIDIA H200, 56, 548.44, 141820, 143771, 100, 25
5, NVIDIA H200, 62, 530.72, 141820, 143771, 99, 13
6, NVIDIA H200, 63, 557.41, 141820, 143771, 100, 19
7, NVIDIA H200, 56, 550.44, 141820, 143771, 99, 25
2026-09-04T20:58:19+00:00
0, NVIDIA H200, 62, 697.42, 141820, 143771, 98, 33
1, NVIDIA H200, 71, 693.14, 141820, 143771, 98, 33
2, NVIDIA H200, 70, 695.81, 141820, 143771, 98, 33
3, NVIDIA H200, 63, 695.01, 141820, 143771, 98, 33
4, NVIDIA H200, 63, 694.75, 141820, 143771, 98, 33
5, NVIDIA H200, 70, 696.84, 141820, 143771, 98, 33
6, NVIDIA H200, 70, 693.11, 141820, 143771, 98, 33
7, NVIDIA H200, 63, 693.62, 141820, 143771, 98, 33
2026-09-04T20:58:24+00:00
0, NVIDIA H200, 62, 695.08, 141820, 143771, 98, 34
1, NVIDIA H200, 72, 693.89, 141820, 143771, 98, 34
2, NVIDIA H200, 71, 697.36, 141820, 143771, 98, 34
3, NVIDIA H200, 63, 693.91, 141820, 143771, 98, 33
4, NVIDIA H200, 63, 692.57, 141820, 143771, 98, 34
5, NVIDIA H200, 70, 693.81, 141820, 143771, 98, 34
6, NVIDIA H200, 69, 693.07, 141820, 143771, 98, 34
7, NVIDIA H200, 63, 694.10, 141820, 143771, 98, 34
2026-09-04T20:58:29+00:00
0, NVIDIA H200, 62, 696.40, 141820, 143771, 98, 34
1, NVIDIA H200, 72, 692.47, 141820, 143771, 98, 33
2, NVIDIA H200, 72, 695.85, 141820, 143771, 98, 33
3, NVIDIA H200, 64, 692.91, 141820, 143771, 98, 33
4, NVIDIA H200, 63, 693.89, 141820, 143771, 98, 33
5, NVIDIA H200, 70, 694.24, 141820, 143771, 98, 33
6, NVIDIA H200, 70, 694.94, 141820, 143771, 98, 33
7, NVIDIA H200, 63, 694.65, 141820, 143771, 98, 33
2026-09-04T20:58:34+00:00
0, NVIDIA H200, 62, 694.63, 141820, 143771, 98, 33
1, NVIDIA H200, 72, 694.04, 141820, 143771, 98, 33
2, NVIDIA H200, 71, 694.05, 141820, 143771, 98, 33
3, NVIDIA H200, 64, 690.59, 141820, 143771, 98, 34
4, NVIDIA H200, 63, 693.03, 141820, 143771, 98, 33
5, NVIDIA H200, 70, 692.62, 141820, 143771, 98, 33
6, NVIDIA H200, 70, 695.40, 141820, 143771, 98, 33
7, NVIDIA H200, 64, 694.69, 141820, 143771, 98, 33
2026-09-04T20:58:39+00:00
0, NVIDIA H200, 60, 483.68, 141820, 143771, 98, 33
1, NVIDIA H200, 71, 537.37, 141820, 143771, 98, 33
2, NVIDIA H200, 68, 493.16, 141820, 143771, 98, 30
3, NVIDIA H200, 61, 491.45, 141820, 143771, 98, 28
4, NVIDIA H200, 61, 488.40, 141820, 143771, 98, 30
5, NVIDIA H200, 68, 501.46, 141820, 143771, 99, 22
6, NVIDIA H200, 69, 511.81, 141820, 143771, 98, 28
7, NVIDIA H200, 61, 481.16, 141820, 143771, 98, 26
2026-09-04T20:58:45+00:00
0, NVIDIA H200, 61, 695.71, 141820, 143771, 98, 33
1, NVIDIA H200, 72, 695.62, 141820, 143771, 98, 33
2, NVIDIA H200, 70, 693.46, 141820, 143771, 98, 33
3, NVIDIA H200, 63, 695.96, 141820, 143771, 98, 33
4, NVIDIA H200, 62, 694.50, 141820, 143771, 98, 34
5, NVIDIA H200, 70, 696.25, 141820, 143771, 98, 33
6, NVIDIA H200, 69, 694.79, 141820, 143771, 98, 34
7, NVIDIA H200, 63, 695.26, 141820, 143771, 98, 33
2026-09-04T20:58:50+00:00
0, NVIDIA H200, 62, 695.88, 141820, 143771, 98, 34
1, NVIDIA H200, 72, 694.51, 141820, 143771, 98, 34
2, NVIDIA H200, 71, 696.04, 141820, 143771, 98, 34
3, NVIDIA H200, 63, 695.23, 141820, 143771, 98, 34
4, NVIDIA H200, 63, 693.44, 141820, 143771, 98, 34
5, NVIDIA H200, 70, 695.34, 141820, 143771, 98, 34
6, NVIDIA H200, 69, 694.90, 141820, 143771, 98, 34
7, NVIDIA H200, 63, 694.85, 141820, 143771, 98, 34
2026-09-04T20:58:55+00:00
0, NVIDIA H200, 62, 695.60, 141820, 143771, 97, 34
1, NVIDIA H200, 71, 693.73, 141820, 143771, 98, 33
2, NVIDIA H200, 71, 694.29, 141820, 143771, 98, 34
3, NVIDIA H200, 64, 695.17, 141820, 143771, 98, 33
4, NVIDIA H200, 63, 695.20, 141820, 143771, 98, 33
5, NVIDIA H200, 70, 695.83, 141820, 143771, 98, 33
6, NVIDIA H200, 70, 695.89, 141820, 143771, 98, 33
7, NVIDIA H200, 63, 696.04, 141820, 143771, 98, 33
2026-09-04T20:59:00+00:00
0, NVIDIA H200, 62, 696.69, 141820, 143771, 98, 33
1, NVIDIA H200, 72, 693.98, 141820, 143771, 98, 33
2, NVIDIA H200, 72, 695.28, 141820, 143771, 98, 34
3, NVIDIA H200, 64, 694.40, 141820, 143771, 97, 34
4, NVIDIA H200, 63, 694.59, 141820, 143771, 98, 34
5, NVIDIA H200, 70, 693.92, 141820, 143771, 98, 34
6, NVIDIA H200, 70, 696.36, 141820, 143771, 98, 34
7, NVIDIA H200, 63, 694.28, 141820, 143771, 98, 34
2026-09-04T20:59:06+00:00
0, NVIDIA H200, 60, 647.76, 141820, 143771, 99, 25
1, NVIDIA H200, 69, 640.63, 141820, 143771, 99, 21
2, NVIDIA H200, 68, 648.46, 141820, 143771, 99, 25
3, NVIDIA H200, 60, 642.24, 141820, 143771, 99, 21
4, NVIDIA H200, 59, 630.50, 141820, 143771, 99, 32
5, NVIDIA H200, 64, 642.89, 141820, 143771, 99, 20
6, NVIDIA H200, 66, 620.37, 141820, 143771, 99, 21
7, NVIDIA H200, 58, 629.65, 141820, 143771, 99, 21
2026-09-04T20:59:11+00:00
0, NVIDIA H200, 62, 692.26, 141820, 143771, 98, 34
1, NVIDIA H200, 71, 691.03, 141820, 143771, 98, 34
2, NVIDIA H200, 71, 694.79, 141820, 143771, 97, 34
3, NVIDIA H200, 63, 691.08, 141820, 143771, 98, 34
4, NVIDIA H200, 63, 688.52, 141820, 143771, 98, 34
5, NVIDIA H200, 70, 688.27, 141820, 143771, 98, 33
6, NVIDIA H200, 70, 689.72, 141820, 143771, 98, 34
7, NVIDIA H200, 62, 689.24, 141820, 143771, 98, 33
2026-09-04T20:59:16+00:00
0, NVIDIA H200, 62, 695.55, 141820, 143771, 98, 33
1, NVIDIA H200, 71, 696.96, 141820, 143771, 98, 33
2, NVIDIA H200, 71, 694.96, 141820, 143771, 98, 33
3, NVIDIA H200, 64, 694.45, 141820, 143771, 97, 33
4, NVIDIA H200, 63, 693.03, 141820, 143771, 98, 33
5, NVIDIA H200, 70, 693.56, 141820, 143771, 98, 33
6, NVIDIA H200, 69, 696.84, 141820, 143771, 98, 33
7, NVIDIA H200, 63, 695.63, 141820, 143771, 98, 33
2026-09-04T20:59:21+00:00
0, NVIDIA H200, 62, 692.88, 141820, 143771, 98, 33
1, NVIDIA H200, 72, 693.90, 141820, 143771, 98, 34
2, NVIDIA H200, 71, 694.27, 141820, 143771, 98, 34
3, NVIDIA H200, 64, 694.33, 141820, 143771, 98, 34
4, NVIDIA H200, 63, 694.62, 141820, 143771, 98, 34
5, NVIDIA H200, 70, 695.45, 141820, 143771, 98, 34
6, NVIDIA H200, 69, 694.97, 141820, 143771, 98, 34
7, NVIDIA H200, 63, 693.28, 141820, 143771, 98, 34
2026-09-04T20:59:26+00:00
0, NVIDIA H200, 62, 694.34, 141820, 143771, 97, 33
1, NVIDIA H200, 72, 691.92, 141820, 143771, 98, 34
2, NVIDIA H200, 71, 694.36, 141820, 143771, 98, 34
3, NVIDIA H200, 64, 695.68, 141820, 143771, 98, 34
4, NVIDIA H200, 63, 692.39, 141820, 143771, 98, 34
5, NVIDIA H200, 70, 692.83, 141820, 143771, 98, 34
6, NVIDIA H200, 69, 694.33, 141820, 143771, 98, 34
7, NVIDIA H200, 63, 694.90, 141820, 143771, 98, 33
2026-09-04T20:59:32+00:00
0, NVIDIA H200, 62, 696.19, 141820, 143771, 98, 34
1, NVIDIA H200, 72, 695.38, 141820, 143771, 98, 34
2, NVIDIA H200, 72, 693.78, 141820, 143771, 98, 33
3, NVIDIA H200, 64, 692.15, 141820, 143771, 98, 34
4, NVIDIA H200, 63, 691.62, 141820, 143771, 98, 33
5, NVIDIA H200, 70, 693.59, 141820, 143771, 98, 34
6, NVIDIA H200, 70, 695.76, 141820, 143771, 98, 33
7, NVIDIA H200, 63, 695.81, 141820, 143771, 98, 34
2026-09-04T20:59:37+00:00
0, NVIDIA H200, 62, 693.97, 141820, 143771, 98, 33
1, NVIDIA H200, 72, 693.81, 141820, 143771, 98, 33
2, NVIDIA H200, 72, 694.84, 141820, 143771, 98, 33
3, NVIDIA H200, 64, 693.67, 141820, 143771, 98, 33
4, NVIDIA H200, 64, 694.63, 141820, 143771, 98, 34
5, NVIDIA H200, 71, 694.01, 141820, 143771, 98, 34
6, NVIDIA H200, 69, 694.61, 141820, 143771, 98, 33
7, NVIDIA H200, 64, 697.73, 141820, 143771, 98, 33
2026-09-04T20:59:42+00:00
0, NVIDIA H200, 61, 684.44, 141820, 143771, 98, 30
1, NVIDIA H200, 71, 691.00, 141820, 143771, 98, 32
2, NVIDIA H200, 70, 689.96, 141820, 143771, 98, 32
3, NVIDIA H200, 64, 682.20, 141820, 143771, 98, 34
4, NVIDIA H200, 60, 675.99, 141820, 143771, 98, 31
5, NVIDIA H200, 70, 678.85, 141820, 143771, 98, 31
6, NVIDIA H200, 69, 689.23, 141820, 143771, 98, 32
7, NVIDIA H200, 62, 675.21, 141820, 143771, 98, 29
2026-09-04T20:59:47+00:00
0, NVIDIA H200, 62, 694.88, 141820, 143771, 98, 34
1, NVIDIA H200, 72, 693.04, 141820, 143771, 98, 34
2, NVIDIA H200, 71, 695.87, 141820, 143771, 98, 34
3, NVIDIA H200, 63, 696.84, 141820, 143771, 98, 34
4, NVIDIA H200, 62, 690.20, 141820, 143771, 98, 34
5, NVIDIA H200, 70, 694.80, 141820, 143771, 98, 34
6, NVIDIA H200, 69, 693.87, 141820, 143771, 98, 34
7, NVIDIA H200, 63, 696.00, 141820, 143771, 98, 34
2026-09-04T20:59:53+00:00
0, NVIDIA H200, 62, 694.39, 141820, 143771, 98, 34
1, NVIDIA H200, 72, 694.62, 141820, 143771, 98, 34
2, NVIDIA H200, 71, 692.08, 141820, 143771, 98, 34
3, NVIDIA H200, 64, 692.76, 141820, 143771, 98, 34
4, NVIDIA H200, 63, 693.15, 141820, 143771, 98, 34
5, NVIDIA H200, 70, 692.52, 141820, 143771, 98, 34
6, NVIDIA H200, 69, 691.51, 141820, 143771, 98, 34
7, NVIDIA H200, 63, 692.68, 141820, 143771, 98, 34
2026-09-04T20:59:58+00:00
0, NVIDIA H200, 62, 694.97, 141820, 143771, 98, 33
1, NVIDIA H200, 72, 692.30, 141820, 143771, 98, 33
2, NVIDIA H200, 72, 694.38, 141820, 143771, 98, 33
3, NVIDIA H200, 64, 694.97, 141820, 143771, 98, 33
4, NVIDIA H200, 63, 692.74, 141820, 143771, 98, 33
5, NVIDIA H200, 70, 694.21, 141820, 143771, 98, 33
6, NVIDIA H200, 70, 696.35, 141820, 143771, 98, 33
7, NVIDIA H200, 63, 691.70, 141820, 143771, 98, 33
2026-09-04T21:00:03+00:00
0, NVIDIA H200, 62, 694.03, 141820, 143771, 98, 34
1, NVIDIA H200, 72, 695.05, 141820, 143771, 97, 34
2, NVIDIA H200, 72, 695.99, 141820, 143771, 98, 34
3, NVIDIA H200, 64, 692.87, 141820, 143771, 98, 34
4, NVIDIA H200, 64, 694.28, 141820, 143771, 98, 34
5, NVIDIA H200, 71, 692.65, 141820, 143771, 98, 33
6, NVIDIA H200, 69, 692.20, 141820, 143771, 98, 33
7, NVIDIA H200, 63, 694.20, 141820, 143771, 98, 33
2026-09-04T21:00:08+00:00
0, NVIDIA H200, 63, 694.12, 141820, 143771, 98, 34
1, NVIDIA H200, 72, 694.66, 141820, 143771, 98, 33
2, NVIDIA H200, 72, 692.98, 141820, 143771, 98, 34
3, NVIDIA H200, 64, 694.77, 141820, 143771, 98, 33
4, NVIDIA H200, 63, 692.42, 141820, 143771, 98, 33
5, NVIDIA H200, 71, 693.83, 141820, 143771, 98, 34
6, NVIDIA H200, 69, 695.44, 141820, 143771, 98, 33
7, NVIDIA H200, 63, 692.89, 141820, 143771, 98, 33
2026-09-04T21:00:14+00:00
0, NVIDIA H200, 63, 694.83, 141820, 143771, 98, 33
1, NVIDIA H200, 72, 694.15, 141820, 143771, 98, 33
2, NVIDIA H200, 72, 690.99, 141820, 143771, 98, 33
3, NVIDIA H200, 64, 693.49, 141820, 143771, 98, 33
4, NVIDIA H200, 63, 692.93, 141820, 143771, 98, 33
5, NVIDIA H200, 71, 692.60, 141820, 143771, 98, 33
6, NVIDIA H200, 69, 694.44, 141820, 143771, 98, 33
7, NVIDIA H200, 64, 693.81, 141820, 143771, 98, 33
2026-09-04T21:00:19+00:00
0, NVIDIA H200, 55, 449.41, 141820, 143771, 99, 18
1, NVIDIA H200, 66, 446.63, 141820, 143771, 99, 23
2, NVIDIA H200, 64, 409.63, 141820, 143771, 99, 21
3, NVIDIA H200, 57, 448.87, 141820, 143771, 99, 25
4, NVIDIA H200, 56, 419.81, 141820, 143771, 99, 22
5, NVIDIA H200, 63, 440.39, 141820, 143771, 99, 22
6, NVIDIA H200, 62, 443.17, 141820, 143771, 99, 22
7, NVIDIA H200, 56, 439.35, 141820, 143771, 99, 19
2026-09-04T21:00:24+00:00
0, NVIDIA H200, 62, 691.83, 141820, 143771, 98, 34
1, NVIDIA H200, 71, 692.34, 141820, 143771, 98, 33
2, NVIDIA H200, 71, 695.30, 141820, 143771, 98, 33
3, NVIDIA H200, 64, 693.46, 141820, 143771, 98, 34
4, NVIDIA H200, 62, 692.30, 141820, 143771, 98, 33
5, NVIDIA H200, 70, 691.24, 141820, 143771, 98, 33
6, NVIDIA H200, 69, 692.63, 141820, 143771, 98, 33
7, NVIDIA H200, 63, 693.62, 141820, 143771, 98, 33
2026-09-04T21:00:29+00:00
0, NVIDIA H200, 62, 692.68, 141820, 143771, 98, 33
1, NVIDIA H200, 72, 694.61, 141820, 143771, 98, 33
2, NVIDIA H200, 71, 696.80, 141820, 143771, 98, 33
3, NVIDIA H200, 64, 693.36, 141820, 143771, 98, 34
4, NVIDIA H200, 63, 694.39, 141820, 143771, 98, 33
5, NVIDIA H200, 70, 692.29, 141820, 143771, 98, 33
6, NVIDIA H200, 69, 694.69, 141820, 143771, 98, 33
7, NVIDIA H200, 63, 693.97, 141820, 143771, 98, 33
2026-09-04T21:00:34+00:00
0, NVIDIA H200, 62, 693.27, 141820, 143771, 98, 34
1, NVIDIA H200, 72, 693.08, 141820, 143771, 98, 33
2, NVIDIA H200, 71, 693.80, 141820, 143771, 98, 33
3, NVIDIA H200, 64, 695.32, 141820, 143771, 98, 33
4, NVIDIA H200, 63, 692.91, 141820, 143771, 98, 33
5, NVIDIA H200, 71, 693.43, 141820, 143771, 98, 34
6, NVIDIA H200, 69, 695.09, 141820, 143771, 98, 33
7, NVIDIA H200, 64, 695.86, 141820, 143771, 98, 33
2026-09-04T21:00:40+00:00
0, NVIDIA H200, 62, 695.25, 141820, 143771, 98, 34
1, NVIDIA H200, 72, 694.38, 141820, 143771, 98, 34
2, NVIDIA H200, 71, 694.55, 141820, 143771, 98, 34
3, NVIDIA H200, 64, 692.94, 141820, 143771, 98, 34
4, NVIDIA H200, 63, 693.37, 141820, 143771, 98, 34
5, NVIDIA H200, 70, 689.08, 141820, 143771, 98, 34
6, NVIDIA H200, 69, 690.24, 141820, 143771, 98, 34
7, NVIDIA H200, 63, 692.27, 141820, 143771, 98, 33
2026-09-04T21:00:45+00:00
0, NVIDIA H200, 62, 694.45, 141820, 143771, 98, 33
1, NVIDIA H200, 72, 695.27, 141820, 143771, 98, 34
2, NVIDIA H200, 72, 693.32, 141820, 143771, 98, 33
3, NVIDIA H200, 64, 693.23, 141820, 143771, 98, 33
4, NVIDIA H200, 63, 692.51, 141820, 143771, 98, 33
5, NVIDIA H200, 71, 694.42, 141820, 143771, 98, 33
6, NVIDIA H200, 69, 695.27, 141820, 143771, 98, 33
7, NVIDIA H200, 64, 693.17, 141820, 143771, 98, 33
2026-09-04T21:00:50+00:00
0, NVIDIA H200, 62, 694.90, 141820, 143771, 98, 33
1, NVIDIA H200, 72, 691.46, 141820, 143771, 98, 33
2, NVIDIA H200, 72, 693.31, 141820, 143771, 98, 34
3, NVIDIA H200, 64, 693.72, 141820, 143771, 98, 33
4, NVIDIA H200, 64, 693.59, 141820, 143771, 98, 33
5, NVIDIA H200, 71, 693.51, 141820, 143771, 98, 33
6, NVIDIA H200, 70, 690.51, 141820, 143771, 98, 33
7, NVIDIA H200, 63, 690.48, 141820, 143771, 98, 33
2026-09-04T21:00:55+00:00
0, NVIDIA H200, 63, 694.81, 141820, 143771, 98, 34
1, NVIDIA H200, 72, 694.57, 141820, 143771, 98, 33
2, NVIDIA H200, 72, 692.42, 141820, 143771, 98, 33
3, NVIDIA H200, 64, 697.17, 141820, 143771, 98, 34
4, NVIDIA H200, 63, 693.55, 141820, 143771, 98, 33
5, NVIDIA H200, 71, 693.31, 141820, 143771, 98, 33
6, NVIDIA H200, 70, 695.10, 141820, 143771, 98, 33
7, NVIDIA H200, 63, 694.40, 141820, 143771, 98, 33
2026-09-04T21:01:01+00:00
0, NVIDIA H200, 62, 689.54, 141820, 143771, 98, 32
1, NVIDIA H200, 71, 691.82, 141820, 143771, 98, 33
2, NVIDIA H200, 71, 674.32, 141820, 143771, 98, 32
3, NVIDIA H200, 63, 665.35, 141820, 143771, 98, 30
4, NVIDIA H200, 62, 665.53, 141820, 143771, 98, 33
5, NVIDIA H200, 70, 668.94, 141820, 143771, 98, 31
6, NVIDIA H200, 69, 683.13, 141820, 143771, 98, 30
7, NVIDIA H200, 61, 664.71, 141820, 143771, 98, 32
2026-09-04T21:01:06+00:00
0, NVIDIA H200, 61, 692.60, 141820, 143771, 98, 32
1, NVIDIA H200, 70, 694.98, 141820, 143771, 98, 32
2, NVIDIA H200, 70, 691.98, 141820, 143771, 98, 32
3, NVIDIA H200, 63, 696.45, 141820, 143771, 98, 32
4, NVIDIA H200, 62, 690.89, 141820, 143771, 98, 33
5, NVIDIA H200, 69, 691.28, 141820, 143771, 98, 32
6, NVIDIA H200, 68, 692.74, 141820, 143771, 98, 32
7, NVIDIA H200, 62, 692.62, 141820, 143771, 98, 33
2026-09-04T21:01:11+00:00
0, NVIDIA H200, 61, 695.20, 141820, 143771, 98, 33
1, NVIDIA H200, 71, 695.17, 141820, 143771, 98, 33
2, NVIDIA H200, 72, 695.78, 141820, 143771, 98, 33
3, NVIDIA H200, 63, 691.68, 141820, 143771, 98, 34
4, NVIDIA H200, 63, 692.79, 141820, 143771, 98, 33
5, NVIDIA H200, 70, 695.87, 141820, 143771, 98, 33
6, NVIDIA H200, 69, 694.81, 141820, 143771, 98, 33
7, NVIDIA H200, 63, 690.92, 141820, 143771, 98, 33
2026-09-04T21:01:16+00:00
0, NVIDIA H200, 62, 695.30, 141820, 143771, 98, 34
1, NVIDIA H200, 72, 692.40, 141820, 143771, 98, 33
2, NVIDIA H200, 72, 695.19, 141820, 143771, 98, 33
3, NVIDIA H200, 63, 694.61, 141820, 143771, 98, 34
4, NVIDIA H200, 63, 691.92, 141820, 143771, 98, 33
5, NVIDIA H200, 70, 694.06, 141820, 143771, 98, 34
6, NVIDIA H200, 69, 693.78, 141820, 143771, 98, 34
7, NVIDIA H200, 63, 692.90, 141820, 143771, 97, 34
2026-09-04T21:01:21+00:00
0, NVIDIA H200, 62, 693.24, 141820, 143771, 98, 33
1, NVIDIA H200, 72, 695.45, 141820, 143771, 98, 33
2, NVIDIA H200, 71, 693.16, 141820, 143771, 98, 33
3, NVIDIA H200, 64, 692.41, 141820, 143771, 98, 34
4, NVIDIA H200, 63, 695.28, 141820, 143771, 98, 33
5, NVIDIA H200, 70, 692.78, 141820, 143771, 98, 33
6, NVIDIA H200, 70, 693.41, 141820, 143771, 98, 34
7, NVIDIA H200, 63, 695.65, 141820, 143771, 98, 33
2026-09-04T21:01:27+00:00
0, NVIDIA H200, 62, 693.48, 141820, 143771, 98, 33
1, NVIDIA H200, 72, 693.46, 141820, 143771, 98, 33
2, NVIDIA H200, 72, 694.42, 141820, 143771, 98, 33
3, NVIDIA H200, 64, 693.59, 141820, 143771, 98, 33
4, NVIDIA H200, 63, 695.02, 141820, 143771, 98, 33
5, NVIDIA H200, 70, 693.60, 141820, 143771, 98, 33
6, NVIDIA H200, 70, 694.96, 141820, 143771, 98, 33
7, NVIDIA H200, 63, 693.32, 141820, 143771, 98, 33
2026-09-04T21:01:32+00:00
0, NVIDIA H200, 62, 695.07, 141820, 143771, 98, 33
1, NVIDIA H200, 72, 694.64, 141820, 143771, 98, 33
2, NVIDIA H200, 72, 693.02, 141820, 143771, 98, 33
3, NVIDIA H200, 64, 693.86, 141820, 143771, 98, 33
4, NVIDIA H200, 63, 692.75, 141820, 143771, 98, 33
5, NVIDIA H200, 71, 694.43, 141820, 143771, 98, 33
6, NVIDIA H200, 70, 694.11, 141820, 143771, 98, 33
7, NVIDIA H200, 63, 693.94, 141820, 143771, 98, 33
2026-09-04T21:01:37+00:00
0, NVIDIA H200, 62, 695.53, 141820, 143771, 98, 33
1, NVIDIA H200, 72, 694.02, 141820, 143771, 98, 33
2, NVIDIA H200, 72, 695.11, 141820, 143771, 98, 33
3, NVIDIA H200, 64, 694.84, 141820, 143771, 98, 33
4, NVIDIA H200, 63, 693.39, 141820, 143771, 98, 33
5, NVIDIA H200, 71, 692.64, 141820, 143771, 98, 33
6, NVIDIA H200, 70, 694.45, 141820, 143771, 98, 33
7, NVIDIA H200, 63, 694.87, 141820, 143771, 98, 33
2026-09-04T21:01:42+00:00
0, NVIDIA H200, 62, 679.68, 141820, 143771, 98, 29
1, NVIDIA H200, 70, 674.21, 141820, 143771, 98, 31
2, NVIDIA H200, 71, 680.31, 141820, 143771, 98, 32
3, NVIDIA H200, 64, 677.73, 141820, 143771, 98, 33
4, NVIDIA H200, 61, 686.38, 141820, 143771, 98, 33
5, NVIDIA H200, 69, 681.12, 141820, 143771, 98, 30
6, NVIDIA H200, 70, 680.88, 141820, 143771, 98, 29
7, NVIDIA H200, 61, 669.42, 141820, 143771, 99, 23
2026-09-04T21:01:48+00:00
0, NVIDIA H200, 57, 487.23, 141820, 143771, 99, 17
1, NVIDIA H200, 67, 507.27, 141820, 143771, 99, 20
2, NVIDIA H200, 66, 498.67, 141820, 143771, 99, 19
3, NVIDIA H200, 59, 482.47, 141820, 143771, 99, 25
4, NVIDIA H200, 57, 481.32, 141820, 143771, 99, 25
5, NVIDIA H200, 63, 487.12, 141820, 143771, 99, 24
6, NVIDIA H200, 64, 501.13, 141820, 143771, 99, 27
7, NVIDIA H200, 57, 470.53, 141820, 143771, 99, 25
2026-09-04T21:01:53+00:00
0, NVIDIA H200, 61, 692.44, 141820, 143771, 97, 34
1, NVIDIA H200, 72, 693.21, 141820, 143771, 98, 34
2, NVIDIA H200, 71, 692.30, 141820, 143771, 98, 34
3, NVIDIA H200, 63, 691.09, 141820, 143771, 98, 34
4, NVIDIA H200, 63, 691.68, 141820, 143771, 98, 34
5, NVIDIA H200, 70, 694.27, 141820, 143771, 98, 34
6, NVIDIA H200, 69, 691.82, 141820, 143771, 98, 34
7, NVIDIA H200, 63, 693.52, 141820, 143771, 98, 34
2026-09-04T21:01:58+00:00
0, NVIDIA H200, 61, 691.11, 141820, 143771, 98, 34
1, NVIDIA H200, 72, 693.75, 141820, 143771, 98, 34
2, NVIDIA H200, 71, 692.28, 141820, 143771, 98, 34
3, NVIDIA H200, 64, 692.32, 141820, 143771, 98, 34
4, NVIDIA H200, 63, 692.80, 141820, 143771, 98, 34
5, NVIDIA H200, 70, 692.97, 141820, 143771, 98, 33
6, NVIDIA H200, 69, 694.52, 141820, 143771, 98, 34
7, NVIDIA H200, 63, 695.29, 141820, 143771, 98, 34
2026-09-04T21:02:03+00:00
0, NVIDIA H200, 62, 692.42, 141820, 143771, 98, 33
1, NVIDIA H200, 72, 693.88, 141820, 143771, 98, 33
2, NVIDIA H200, 71, 696.19, 141820, 143771, 98, 34
3, NVIDIA H200, 64, 693.76, 141820, 143771, 98, 33
4, NVIDIA H200, 63, 694.16, 141820, 143771, 98, 33
5, NVIDIA H200, 71, 694.46, 141820, 143771, 98, 33
6, NVIDIA H200, 70, 695.91, 141820, 143771, 98, 33
7, NVIDIA H200, 63, 696.44, 141820, 143771, 98, 34
2026-09-04T21:02:08+00:00
0, NVIDIA H200, 62, 694.47, 141820, 143771, 98, 34
1, NVIDIA H200, 72, 694.42, 141820, 143771, 98, 34
2, NVIDIA H200, 72, 693.84, 141820, 143771, 98, 34
3, NVIDIA H200, 64, 694.33, 141820, 143771, 98, 34
4, NVIDIA H200, 63, 692.54, 141820, 143771, 98, 34
5, NVIDIA H200, 71, 694.60, 141820, 143771, 98, 34
6, NVIDIA H200, 70, 696.61, 141820, 143771, 98, 34
7, NVIDIA H200, 63, 693.50, 141820, 143771, 98, 33
2026-09-04T21:02:14+00:00
0, NVIDIA H200, 62, 693.21, 141820, 143771, 98, 33
1, NVIDIA H200, 72, 693.25, 141820, 143771, 97, 34
2, NVIDIA H200, 72, 693.41, 141820, 143771, 98, 33
3, NVIDIA H200, 64, 693.52, 141820, 143771, 98, 34
4, NVIDIA H200, 64, 695.83, 141820, 143771, 98, 33
5, NVIDIA H200, 71, 692.15, 141820, 143771, 98, 33
6, NVIDIA H200, 70, 693.98, 141820, 143771, 98, 34
7, NVIDIA H200, 64, 695.74, 141820, 143771, 98, 33
2026-09-04T21:02:19+00:00
0, NVIDIA H200, 56, 349.75, 141820, 143771, 100, 22
1, NVIDIA H200, 68, 359.35, 141820, 143771, 100, 37
2, NVIDIA H200, 68, 334.42, 141820, 143771, 100, 38
3, NVIDIA H200, 60, 366.85, 141820, 143771, 100, 37
4, NVIDIA H200, 59, 332.41, 141820, 143771, 100, 38
5, NVIDIA H200, 66, 346.78, 141820, 143771, 100, 36
6, NVIDIA H200, 63, 389.90, 141820, 143771, 100, 38
7, NVIDIA H200, 59, 362.73, 141820, 143771, 100, 36
2026-09-04T21:02:24+00:00
0, NVIDIA H200, 61, 694.74, 141820, 143771, 100, 36
1, NVIDIA H200, 71, 693.88, 141820, 143771, 100, 37
2, NVIDIA H200, 71, 691.54, 141820, 143771, 100, 35
3, NVIDIA H200, 64, 693.45, 141820, 143771, 100, 35
4, NVIDIA H200, 62, 689.14, 141820, 143771, 100, 35
5, NVIDIA H200, 70, 688.75, 141820, 143771, 100, 38
6, NVIDIA H200, 69, 699.75, 141820, 143771, 100, 35
7, NVIDIA H200, 63, 693.18, 141820, 143771, 100, 38
2026-09-04T21:02:29+00:00
0, NVIDIA H200, 61, 695.44, 141820, 143771, 98, 33
1, NVIDIA H200, 71, 692.89, 141820, 143771, 98, 33
2, NVIDIA H200, 71, 695.88, 141820, 143771, 98, 33
3, NVIDIA H200, 63, 697.62, 141820, 143771, 98, 33
4, NVIDIA H200, 63, 692.78, 141820, 143771, 98, 33
5, NVIDIA H200, 70, 690.22, 141820, 143771, 98, 33
6, NVIDIA H200, 69, 694.99, 141820, 143771, 98, 33
7, NVIDIA H200, 63, 693.97, 141820, 143771, 98, 33
2026-09-04T21:02:35+00:00
0, NVIDIA H200, 62, 696.52, 141820, 143771, 98, 34
1, NVIDIA H200, 72, 694.81, 141820, 143771, 98, 34
2, NVIDIA H200, 71, 692.26, 141820, 143771, 98, 34
3, NVIDIA H200, 64, 696.22, 141820, 143771, 98, 34
4, NVIDIA H200, 63, 686.86, 141820, 143771, 98, 34
5, NVIDIA H200, 70, 689.61, 141820, 143771, 98, 34
6, NVIDIA H200, 70, 698.50, 141820, 143771, 98, 34
7, NVIDIA H200, 63, 688.76, 141820, 143771, 98, 34
2026-09-04T21:02:40+00:00
0, NVIDIA H200, 55, 655.85, 141820, 143771, 98, 31
1, NVIDIA H200, 64, 649.78, 141820, 143771, 99, 21
2, NVIDIA H200, 64, 622.22, 141820, 143771, 99, 17
3, NVIDIA H200, 57, 642.67, 141820, 143771, 99, 25
4, NVIDIA H200, 57, 620.60, 141820, 143771, 99, 27
5, NVIDIA H200, 64, 652.60, 141820, 143771, 100, 28
6, NVIDIA H200, 62, 638.54, 141820, 143771, 100, 26
7, NVIDIA H200, 55, 635.83, 141820, 143771, 100, 32
2026-09-04T21:02:45+00:00
0, NVIDIA H200, 62, 692.70, 141820, 143771, 98, 33
1, NVIDIA H200, 72, 694.41, 141820, 143771, 98, 34
2, NVIDIA H200, 71, 697.20, 141820, 143771, 98, 34
3, NVIDIA H200, 64, 692.81, 141820, 143771, 98, 34
4, NVIDIA H200, 63, 695.34, 141820, 143771, 98, 34
5, NVIDIA H200, 70, 690.92, 141820, 143771, 98, 34
6, NVIDIA H200, 69, 692.74, 141820, 143771, 98, 34
7, NVIDIA H200, 63, 695.75, 141820, 143771, 98, 34
2026-09-04T21:02:50+00:00
0, NVIDIA H200, 60, 690.62, 141820, 143771, 98, 34
1, NVIDIA H200, 70, 685.70, 141820, 143771, 97, 34
2, NVIDIA H200, 70, 688.37, 141820, 143771, 98, 33
3, NVIDIA H200, 62, 690.74, 141820, 143771, 98, 34
4, NVIDIA H200, 62, 691.92, 141820, 143771, 98, 32
5, NVIDIA H200, 69, 693.19, 141820, 143771, 98, 32
6, NVIDIA H200, 67, 685.35, 141820, 143771, 98, 33
7, NVIDIA H200, 62, 694.45, 141820, 143771, 98, 32
2026-09-04T21:02:55+00:00
0, NVIDIA H200, 55, 547.97, 141820, 143771, 100, 25
1, NVIDIA H200, 63, 581.14, 141820, 143771, 100, 19
2, NVIDIA H200, 63, 563.20, 141820, 143771, 100, 24
3, NVIDIA H200, 56, 572.83, 141820, 143771, 100, 23
4, NVIDIA H200, 56, 540.36, 141820, 143771, 100, 28
5, NVIDIA H200, 62, 539.52, 141820, 143771, 100, 21
6, NVIDIA H200, 61, 569.52, 141820, 143771, 100, 26
7, NVIDIA H200, 55, 530.82, 141820, 143771, 100, 30
2026-09-04T21:03:01+00:00
0, NVIDIA H200, 62, 693.76, 141820, 143771, 97, 34
1, NVIDIA H200, 72, 693.05, 141820, 143771, 98, 34
2, NVIDIA H200, 72, 694.48, 141820, 143771, 98, 34
3, NVIDIA H200, 64, 694.68, 141820, 143771, 98, 34
4, NVIDIA H200, 63, 692.55, 141820, 143771, 98, 34
5, NVIDIA H200, 70, 691.12, 141820, 143771, 98, 34
6, NVIDIA H200, 70, 691.03, 141820, 143771, 98, 33
7, NVIDIA H200, 63, 693.24, 141820, 143771, 98, 34
2026-09-04T21:03:06+00:00
0, NVIDIA H200, 61, 697.83, 141820, 143771, 98, 32
1, NVIDIA H200, 70, 700.92, 141820, 143771, 98, 32
2, NVIDIA H200, 70, 697.78, 141820, 143771, 98, 31
3, NVIDIA H200, 63, 692.99, 141820, 143771, 98, 33
4, NVIDIA H200, 62, 696.98, 141820, 143771, 98, 31
5, NVIDIA H200, 69, 692.25, 141820, 143771, 98, 31
6, NVIDIA H200, 68, 699.42, 141820, 143771, 98, 33
7, NVIDIA H200, 62, 692.59, 141820, 143771, 98, 31
2026-09-04T21:03:11+00:00
0, NVIDIA H200, 54, 512.36, 141820, 143771, 100, 21
1, NVIDIA H200, 63, 502.20, 141820, 143771, 100, 23
2, NVIDIA H200, 63, 484.75, 141820, 143771, 100, 24
3, NVIDIA H200, 55, 496.48, 141820, 143771, 100, 27
4, NVIDIA H200, 55, 490.47, 141820, 143771, 100, 22
5, NVIDIA H200, 61, 466.56, 141820, 143771, 100, 28
6, NVIDIA H200, 61, 495.01, 141820, 143771, 100, 24
7, NVIDIA H200, 55, 495.28, 141820, 143771, 100, 24
2026-09-04T21:03:16+00:00
0, NVIDIA H200, 62, 694.51, 141820, 143771, 97, 34
1, NVIDIA H200, 71, 693.09, 141820, 143771, 98, 33
2, NVIDIA H200, 71, 695.18, 141820, 143771, 98, 33
3, NVIDIA H200, 64, 690.43, 141820, 143771, 98, 33
4, NVIDIA H200, 63, 692.87, 141820, 143771, 98, 34
5, NVIDIA H200, 69, 694.98, 141820, 143771, 98, 33
6, NVIDIA H200, 69, 693.92, 141820, 143771, 98, 33
7, NVIDIA H200, 63, 693.57, 141820, 143771, 98, 33
2026-09-04T21:03:22+00:00
0, NVIDIA H200, 62, 690.74, 141820, 143771, 98, 34
1, NVIDIA H200, 71, 689.63, 141820, 143771, 97, 33
2, NVIDIA H200, 70, 688.70, 141820, 143771, 98, 32
3, NVIDIA H200, 63, 690.49, 141820, 143771, 97, 33
4, NVIDIA H200, 62, 686.62, 141820, 143771, 98, 33
5, NVIDIA H200, 69, 685.99, 141820, 143771, 98, 31
6, NVIDIA H200, 68, 690.42, 141820, 143771, 98, 32
7, NVIDIA H200, 63, 694.07, 141820, 143771, 98, 31
2026-09-04T21:03:27+00:00
0, NVIDIA H200, 59, 673.25, 141820, 143771, 98, 33
1, NVIDIA H200, 70, 674.28, 141820, 143771, 98, 33
2, NVIDIA H200, 69, 685.58, 141820, 143771, 98, 32
3, NVIDIA H200, 62, 647.73, 141820, 143771, 98, 33
4, NVIDIA H200, 62, 655.53, 141820, 143771, 98, 33
5, NVIDIA H200, 65, 665.36, 141820, 143771, 99, 21
6, NVIDIA H200, 67, 663.07, 141820, 143771, 98, 31
7, NVIDIA H200, 56, 652.98, 141820, 143771, 99, 20
2026-09-04T21:03:32+00:00
0, NVIDIA H200, 61, 695.59, 141820, 143771, 97, 32
1, NVIDIA H200, 71, 695.13, 141820, 143771, 98, 32
2, NVIDIA H200, 70, 693.27, 141820, 143771, 97, 32
3, NVIDIA H200, 63, 694.00, 141820, 143771, 98, 32
4, NVIDIA H200, 63, 693.08, 141820, 143771, 98, 32
5, NVIDIA H200, 70, 695.99, 141820, 143771, 98, 33
6, NVIDIA H200, 69, 695.20, 141820, 143771, 98, 33
7, NVIDIA H200, 63, 692.91, 141820, 143771, 98, 33
2026-09-04T21:03:37+00:00
0, NVIDIA H200, 62, 692.64, 141820, 143771, 98, 34
1, NVIDIA H200, 72, 692.09, 141820, 143771, 98, 34
2, NVIDIA H200, 71, 679.11, 141820, 143771, 98, 34
3, NVIDIA H200, 62, 686.86, 141820, 143771, 98, 34
4, NVIDIA H200, 62, 683.00, 141820, 143771, 99, 27
5, NVIDIA H200, 70, 690.16, 141820, 143771, 98, 33
6, NVIDIA H200, 67, 688.13, 141820, 143771, 98, 34
7, NVIDIA H200, 60, 685.72, 141820, 143771, 98, 32
2026-09-04T21:03:42+00:00
0, NVIDIA H200, 62, 692.19, 141820, 143771, 97, 34
1, NVIDIA H200, 72, 695.26, 141820, 143771, 98, 34
2, NVIDIA H200, 71, 691.95, 141820, 143771, 98, 34
3, NVIDIA H200, 64, 696.52, 141820, 143771, 98, 34
4, NVIDIA H200, 63, 691.91, 141820, 143771, 98, 34
5, NVIDIA H200, 70, 693.64, 141820, 143771, 98, 34
6, NVIDIA H200, 70, 691.22, 141820, 143771, 98, 34
7, NVIDIA H200, 63, 692.75, 141820, 143771, 98, 34
2026-09-04T21:03:48+00:00
0, NVIDIA H200, 62, 693.80, 141820, 143771, 98, 34
1, NVIDIA H200, 71, 692.28, 141820, 143771, 98, 34
2, NVIDIA H200, 71, 691.23, 141820, 143771, 98, 33
3, NVIDIA H200, 64, 693.99, 141820, 143771, 98, 34
4, NVIDIA H200, 63, 691.68, 141820, 143771, 98, 33
5, NVIDIA H200, 70, 694.13, 141820, 143771, 98, 33
6, NVIDIA H200, 69, 695.82, 141820, 143771, 98, 34
7, NVIDIA H200, 63, 693.89, 141820, 143771, 98, 33
2026-09-04T21:03:53+00:00
0, NVIDIA H200, 62, 695.08, 141820, 143771, 98, 34
1, NVIDIA H200, 72, 694.84, 141820, 143771, 97, 34
2, NVIDIA H200, 71, 693.14, 141820, 143771, 98, 34
3, NVIDIA H200, 64, 695.34, 141820, 143771, 98, 34
4, NVIDIA H200, 63, 697.59, 141820, 143771, 98, 34
5, NVIDIA H200, 70, 694.67, 141820, 143771, 98, 34
6, NVIDIA H200, 70, 692.13, 141820, 143771, 98, 34
7, NVIDIA H200, 63, 694.45, 141820, 143771, 98, 34
2026-09-04T21:03:58+00:00
0, NVIDIA H200, 62, 695.58, 141820, 143771, 98, 34
1, NVIDIA H200, 72, 695.66, 141820, 143771, 98, 34
2, NVIDIA H200, 72, 690.99, 141820, 143771, 98, 33
3, NVIDIA H200, 64, 693.43, 141820, 143771, 98, 33
4, NVIDIA H200, 63, 690.20, 141820, 143771, 98, 34
5, NVIDIA H200, 70, 694.02, 141820, 143771, 98, 34
6, NVIDIA H200, 70, 692.20, 141820, 143771, 98, 34
7, NVIDIA H200, 63, 693.64, 141820, 143771, 98, 34
2026-09-04T21:04:03+00:00
0, NVIDIA H200, 54, 395.87, 141820, 143771, 100, 25
1, NVIDIA H200, 65, 423.06, 141820, 143771, 100, 19
2, NVIDIA H200, 63, 374.60, 141820, 143771, 100, 20
3, NVIDIA H200, 55, 404.97, 141820, 143771, 100, 23
4, NVIDIA H200, 55, 387.33, 141820, 143771, 100, 28
5, NVIDIA H200, 61, 388.27, 141820, 143771, 100, 23
6, NVIDIA H200, 61, 395.13, 141820, 143771, 100, 15
7, NVIDIA H200, 55, 380.76, 141820, 143771, 100, 18
2026-09-04T21:04:09+00:00
0, NVIDIA H200, 62, 695.55, 141820, 143771, 98, 32
1, NVIDIA H200, 71, 695.24, 141820, 143771, 98, 33
2, NVIDIA H200, 71, 694.25, 141820, 143771, 98, 33
3, NVIDIA H200, 63, 692.59, 141820, 143771, 98, 33
4, NVIDIA H200, 63, 694.02, 141820, 143771, 98, 33
5, NVIDIA H200, 70, 694.40, 141820, 143771, 98, 33
6, NVIDIA H200, 69, 696.98, 141820, 143771, 98, 33
7, NVIDIA H200, 63, 697.01, 141820, 143771, 98, 33
2026-09-04T21:04:14+00:00
0, NVIDIA H200, 62, 695.66, 141820, 143771, 98, 34
1, NVIDIA H200, 72, 695.44, 141820, 143771, 98, 34
2, NVIDIA H200, 72, 693.77, 141820, 143771, 98, 34
3, NVIDIA H200, 64, 692.57, 141820, 143771, 98, 34
4, NVIDIA H200, 64, 693.57, 141820, 143771, 98, 34
5, NVIDIA H200, 70, 692.99, 141820, 143771, 98, 34
6, NVIDIA H200, 70, 693.38, 141820, 143771, 98, 34
7, NVIDIA H200, 63, 694.62, 141820, 143771, 98, 34
2026-09-04T21:04:19+00:00
0, NVIDIA H200, 62, 692.17, 141820, 143771, 98, 34
1, NVIDIA H200, 72, 694.67, 141820, 143771, 98, 34
2, NVIDIA H200, 72, 689.92, 141820, 143771, 98, 34
3, NVIDIA H200, 64, 692.42, 141820, 143771, 98, 34
4, NVIDIA H200, 63, 690.41, 141820, 143771, 98, 35
5, NVIDIA H200, 70, 690.70, 141820, 143771, 98, 34
6, NVIDIA H200, 70, 690.94, 141820, 143771, 98, 35
7, NVIDIA H200, 63, 692.22, 141820, 143771, 98, 35
2026-09-04T21:04:24+00:00
0, NVIDIA H200, 62, 695.35, 141820, 143771, 98, 34
1, NVIDIA H200, 71, 694.24, 141820, 143771, 98, 34
2, NVIDIA H200, 71, 692.44, 141820, 143771, 98, 34
3, NVIDIA H200, 64, 694.95, 141820, 143771, 98, 34
4, NVIDIA H200, 63, 693.72, 141820, 143771, 98, 34
5, NVIDIA H200, 70, 694.86, 141820, 143771, 98, 33
6, NVIDIA H200, 69, 693.37, 141820, 143771, 98, 34
7, NVIDIA H200, 63, 695.78, 141820, 143771, 98, 33
2026-09-04T21:04:30+00:00
0, NVIDIA H200, 62, 695.10, 141820, 143771, 98, 33
1, NVIDIA H200, 72, 691.92, 141820, 143771, 98, 33
2, NVIDIA H200, 72, 693.58, 141820, 143771, 98, 33
3, NVIDIA H200, 64, 695.00, 141820, 143771, 98, 33
4, NVIDIA H200, 63, 692.51, 141820, 143771, 98, 33
5, NVIDIA H200, 70, 693.96, 141820, 143771, 98, 33
6, NVIDIA H200, 70, 695.87, 141820, 143771, 98, 33
7, NVIDIA H200, 63, 694.84, 141820, 143771, 98, 33
2026-09-04T21:04:35+00:00
0, NVIDIA H200, 55, 470.98, 141820, 143771, 99, 20
1, NVIDIA H200, 67, 493.91, 141820, 143771, 99, 23
2, NVIDIA H200, 65, 485.43, 141820, 143771, 99, 13
3, NVIDIA H200, 57, 462.29, 141820, 143771, 99, 18
4, NVIDIA H200, 57, 467.10, 141820, 143771, 99, 23
5, NVIDIA H200, 64, 463.88, 141820, 143771, 99, 23
6, NVIDIA H200, 64, 487.56, 141820, 143771, 99, 21
7, NVIDIA H200, 57, 457.93, 141820, 143771, 99, 21
2026-09-04T21:04:40+00:00
0, NVIDIA H200, 61, 695.14, 141820, 143771, 98, 33
1, NVIDIA H200, 71, 693.99, 141820, 143771, 98, 33
2, NVIDIA H200, 71, 693.71, 141820, 143771, 98, 32
3, NVIDIA H200, 63, 695.82, 141820, 143771, 98, 33
4, NVIDIA H200, 63, 694.33, 141820, 143771, 98, 33
5, NVIDIA H200, 70, 694.93, 141820, 143771, 98, 32
6, NVIDIA H200, 69, 697.34, 141820, 143771, 98, 33
7, NVIDIA H200, 63, 690.87, 141820, 143771, 97, 32
2026-09-04T21:04:45+00:00
0, NVIDIA H200, 62, 696.10, 141820, 143771, 98, 33
1, NVIDIA H200, 72, 694.00, 141820, 143771, 98, 33
2, NVIDIA H200, 71, 694.15, 141820, 143771, 98, 34
3, NVIDIA H200, 64, 693.12, 141820, 143771, 98, 34
4, NVIDIA H200, 63, 692.46, 141820, 143771, 98, 34
5, NVIDIA H200, 70, 695.77, 141820, 143771, 98, 33
6, NVIDIA H200, 70, 694.36, 141820, 143771, 98, 34
7, NVIDIA H200, 63, 694.37, 141820, 143771, 98, 34
2026-09-04T21:04:50+00:00
0, NVIDIA H200, 62, 692.54, 141820, 143771, 98, 34
1, NVIDIA H200, 72, 694.26, 141820, 143771, 98, 34
2, NVIDIA H200, 72, 693.79, 141820, 143771, 98, 33
3, NVIDIA H200, 64, 692.30, 141820, 143771, 98, 34
4, NVIDIA H200, 63, 696.08, 141820, 143771, 98, 34
5, NVIDIA H200, 71, 695.92, 141820, 143771, 98, 33
6, NVIDIA H200, 70, 693.25, 141820, 143771, 98, 34
7, NVIDIA H200, 64, 692.43, 141820, 143771, 98, 33
2026-09-04T21:04:56+00:00
0, NVIDIA H200, 59, 697.10, 141820, 143771, 98, 32
1, NVIDIA H200, 69, 688.69, 141820, 143771, 98, 31
2, NVIDIA H200, 69, 697.17, 141820, 143771, 98, 31
3, NVIDIA H200, 61, 687.57, 141820, 143771, 98, 30
4, NVIDIA H200, 61, 689.57, 141820, 143771, 98, 30
5, NVIDIA H200, 68, 699.19, 141820, 143771, 98, 32
6, NVIDIA H200, 66, 701.22, 141820, 143771, 98, 31
7, NVIDIA H200, 62, 695.64, 141820, 143771, 98, 32
2026-09-04T21:05:01+00:00
0, NVIDIA H200, 61, 692.61, 141820, 143771, 98, 33
1, NVIDIA H200, 71, 695.60, 141820, 143771, 98, 34
2, NVIDIA H200, 71, 695.95, 141820, 143771, 98, 33
3, NVIDIA H200, 63, 692.29, 141820, 143771, 98, 33
4, NVIDIA H200, 63, 692.04, 141820, 143771, 98, 33
5, NVIDIA H200, 70, 691.41, 141820, 143771, 98, 34
6, NVIDIA H200, 69, 695.54, 141820, 143771, 98, 33
7, NVIDIA H200, 63, 694.08, 141820, 143771, 98, 34
2026-09-04T21:05:06+00:00
0, NVIDIA H200, 62, 693.48, 141820, 143771, 98, 33
1, NVIDIA H200, 72, 693.67, 141820, 143771, 98, 34
2, NVIDIA H200, 71, 693.30, 141820, 143771, 98, 34
3, NVIDIA H200, 64, 692.13, 141820, 143771, 98, 34
4, NVIDIA H200, 63, 692.47, 141820, 143771, 98, 34
5, NVIDIA H200, 70, 693.29, 141820, 143771, 98, 33
6, NVIDIA H200, 69, 692.57, 141820, 143771, 98, 34
7, NVIDIA H200, 63, 693.51, 141820, 143771, 98, 34
2026-09-04T21:05:11+00:00
0, NVIDIA H200, 62, 694.32, 141820, 143771, 98, 33
1, NVIDIA H200, 72, 696.01, 141820, 143771, 98, 33
2, NVIDIA H200, 72, 694.30, 141820, 143771, 98, 34
3, NVIDIA H200, 64, 693.53, 141820, 143771, 98, 34
4, NVIDIA H200, 63, 693.46, 141820, 143771, 98, 33
5, NVIDIA H200, 70, 692.33, 141820, 143771, 98, 33
6, NVIDIA H200, 70, 694.78, 141820, 143771, 98, 34
7, NVIDIA H200, 63, 695.26, 141820, 143771, 98, 33
2026-09-04T21:05:17+00:00
0, NVIDIA H200, 60, 536.23, 141820, 143771, 99, 21
1, NVIDIA H200, 68, 568.04, 141820, 143771, 98, 21
2, NVIDIA H200, 69, 549.74, 141820, 143771, 99, 22
3, NVIDIA H200, 58, 532.13, 141820, 143771, 99, 30
4, NVIDIA H200, 59, 525.15, 141820, 143771, 99, 24
5, NVIDIA H200, 65, 519.46, 141820, 143771, 99, 25
6, NVIDIA H200, 66, 550.18, 141820, 143771, 99, 27
7, NVIDIA H200, 59, 522.80, 141820, 143771, 99, 28
2026-09-04T21:05:22+00:00
0, NVIDIA H200, 62, 697.23, 141820, 143771, 98, 33
1, NVIDIA H200, 73, 695.30, 141820, 143771, 98, 34
2, NVIDIA H200, 72, 693.79, 141820, 143771, 98, 34
3, NVIDIA H200, 64, 694.92, 141820, 143771, 98, 34
4, NVIDIA H200, 63, 694.58, 141820, 143771, 98, 34
5, NVIDIA H200, 70, 696.50, 141820, 143771, 98, 34
6, NVIDIA H200, 70, 693.22, 141820, 143771, 98, 34
7, NVIDIA H200, 63, 693.73, 141820, 143771, 98, 34
2026-09-04T21:05:27+00:00
0, NVIDIA H200, 62, 692.58, 141820, 143771, 97, 34
1, NVIDIA H200, 72, 695.85, 141820, 143771, 98, 34
2, NVIDIA H200, 72, 695.26, 141820, 143771, 97, 34
3, NVIDIA H200, 64, 695.71, 141820, 143771, 98, 34
4, NVIDIA H200, 63, 694.30, 141820, 143771, 98, 33
5, NVIDIA H200, 70, 691.21, 141820, 143771, 98, 34
6, NVIDIA H200, 70, 695.07, 141820, 143771, 98, 34
7, NVIDIA H200, 63, 695.12, 141820, 143771, 98, 33
2026-09-04T21:05:32+00:00
0, NVIDIA H200, 62, 693.68, 141820, 143771, 98, 33
1, NVIDIA H200, 72, 695.43, 141820, 143771, 98, 33
2, NVIDIA H200, 72, 693.69, 141820, 143771, 98, 33
3, NVIDIA H200, 64, 691.15, 141820, 143771, 98, 33
4, NVIDIA H200, 64, 694.20, 141820, 143771, 98, 33
5, NVIDIA H200, 71, 694.32, 141820, 143771, 98, 34
6, NVIDIA H200, 70, 695.55, 141820, 143771, 98, 33
7, NVIDIA H200, 64, 692.97, 141820, 143771, 98, 33
2026-09-04T21:05:37+00:00
0, NVIDIA H200, 63, 693.80, 141820, 143771, 98, 33
1, NVIDIA H200, 73, 695.36, 141820, 143771, 98, 34
2, NVIDIA H200, 72, 694.01, 141820, 143771, 98, 34
3, NVIDIA H200, 64, 692.51, 141820, 143771, 98, 33
4, NVIDIA H200, 64, 693.11, 141820, 143771, 98, 34
5, NVIDIA H200, 71, 693.00, 141820, 143771, 98, 34
6, NVIDIA H200, 70, 693.86, 141820, 143771, 98, 33
7, NVIDIA H200, 64, 694.40, 141820, 143771, 98, 34
2026-09-04T21:05:43+00:00
0, NVIDIA H200, 62, 512.72, 141820, 143771, 98, 35
1, NVIDIA H200, 72, 537.42, 141820, 143771, 97, 35
2, NVIDIA H200, 69, 507.41, 141820, 143771, 98, 31
3, NVIDIA H200, 63, 521.17, 141820, 143771, 98, 35
4, NVIDIA H200, 62, 515.85, 141820, 143771, 99, 24
5, NVIDIA H200, 69, 503.31, 141820, 143771, 99, 22
6, NVIDIA H200, 69, 541.81, 141820, 143771, 98, 35
7, NVIDIA H200, 62, 516.28, 141820, 143771, 98, 33
2026-09-04T21:05:48+00:00
0, NVIDIA H200, 63, 696.09, 141820, 143771, 98, 34
1, NVIDIA H200, 73, 695.48, 141820, 143771, 98, 34
2, NVIDIA H200, 72, 692.74, 141820, 143771, 98, 34
3, NVIDIA H200, 64, 696.21, 141820, 143771, 98, 34
4, NVIDIA H200, 63, 691.64, 141820, 143771, 98, 34
5, NVIDIA H200, 71, 693.91, 141820, 143771, 98, 34
6, NVIDIA H200, 70, 695.08, 141820, 143771, 98, 34
7, NVIDIA H200, 63, 692.32, 141820, 143771, 97, 34
2026-09-04T21:05:53+00:00
0, NVIDIA H200, 63, 695.26, 141820, 143771, 98, 34
1, NVIDIA H200, 73, 692.85, 141820, 143771, 98, 34
2, NVIDIA H200, 72, 692.77, 141820, 143771, 98, 34
3, NVIDIA H200, 64, 696.44, 141820, 143771, 98, 34
4, NVIDIA H200, 64, 694.66, 141820, 143771, 98, 34
5, NVIDIA H200, 71, 694.40, 141820, 143771, 98, 34
6, NVIDIA H200, 70, 693.75, 141820, 143771, 98, 34
7, NVIDIA H200, 64, 691.84, 141820, 143771, 98, 34
2026-09-04T21:05:58+00:00
0, NVIDIA H200, 63, 692.47, 141820, 143771, 98, 34
1, NVIDIA H200, 73, 694.74, 141820, 143771, 98, 33
2, NVIDIA H200, 72, 694.60, 141820, 143771, 98, 33
3, NVIDIA H200, 64, 692.53, 141820, 143771, 98, 34
4, NVIDIA H200, 64, 692.52, 141820, 143771, 98, 33
5, NVIDIA H200, 71, 693.12, 141820, 143771, 98, 33
6, NVIDIA H200, 70, 696.24, 141820, 143771, 98, 34
7, NVIDIA H200, 64, 693.08, 141820, 143771, 98, 33
2026-09-04T21:06:04+00:00
0, NVIDIA H200, 63, 695.62, 141820, 143771, 98, 33
1, NVIDIA H200, 72, 693.31, 141820, 143771, 97, 33
2, NVIDIA H200, 72, 693.34, 141820, 143771, 98, 33
3, NVIDIA H200, 64, 695.23, 141820, 143771, 98, 33
4, NVIDIA H200, 64, 694.75, 141820, 143771, 98, 33
5, NVIDIA H200, 71, 695.35, 141820, 143771, 98, 33
6, NVIDIA H200, 70, 695.80, 141820, 143771, 98, 33
7, NVIDIA H200, 64, 694.38, 141820, 143771, 98, 34
2026-09-04T21:06:09+00:00
0, NVIDIA H200, 63, 694.55, 141820, 143771, 98, 33
1, NVIDIA H200, 72, 693.85, 141820, 143771, 98, 33
2, NVIDIA H200, 72, 695.93, 141820, 143771, 98, 33
3, NVIDIA H200, 64, 694.71, 141820, 143771, 98, 33
4, NVIDIA H200, 64, 694.73, 141820, 143771, 98, 33
5, NVIDIA H200, 71, 695.25, 141820, 143771, 98, 33
6, NVIDIA H200, 70, 695.41, 141820, 143771, 98, 33
7, NVIDIA H200, 64, 692.28, 141820, 143771, 98, 33
2026-09-04T21:06:14+00:00
0, NVIDIA H200, 62, 649.50, 141820, 143771, 98, 35
1, NVIDIA H200, 72, 663.03, 141820, 143771, 98, 34
2, NVIDIA H200, 71, 644.77, 141820, 143771, 98, 34
3, NVIDIA H200, 64, 652.13, 141820, 143771, 98, 34
4, NVIDIA H200, 63, 627.56, 141820, 143771, 98, 35
5, NVIDIA H200, 70, 631.12, 141820, 143771, 98, 34
6, NVIDIA H200, 70, 655.64, 141820, 143771, 98, 35
7, NVIDIA H200, 63, 632.79, 141820, 143771, 98, 34
2026-09-04T21:06:19+00:00
0, NVIDIA H200, 62, 695.35, 141820, 143771, 98, 34
1, NVIDIA H200, 72, 694.19, 141820, 143771, 97, 33
2, NVIDIA H200, 71, 694.05, 141820, 143771, 98, 33
3, NVIDIA H200, 63, 692.87, 141820, 143771, 98, 33
4, NVIDIA H200, 63, 692.28, 141820, 143771, 98, 34
5, NVIDIA H200, 70, 693.13, 141820, 143771, 98, 33
6, NVIDIA H200, 69, 696.03, 141820, 143771, 98, 33
7, NVIDIA H200, 63, 696.65, 141820, 143771, 98, 33
2026-09-04T21:06:24+00:00
0, NVIDIA H200, 62, 692.67, 141820, 143771, 98, 34
1, NVIDIA H200, 72, 696.71, 141820, 143771, 98, 34
2, NVIDIA H200, 72, 695.04, 141820, 143771, 98, 34
3, NVIDIA H200, 64, 693.28, 141820, 143771, 98, 34
4, NVIDIA H200, 63, 696.21, 141820, 143771, 98, 34
5, NVIDIA H200, 70, 692.71, 141820, 143771, 98, 34
6, NVIDIA H200, 70, 694.47, 141820, 143771, 98, 33
7, NVIDIA H200, 63, 692.23, 141820, 143771, 98, 34
2026-09-04T21:06:30+00:00
0, NVIDIA H200, 62, 694.18, 141820, 143771, 98, 33
1, NVIDIA H200, 72, 692.59, 141820, 143771, 98, 33
2, NVIDIA H200, 72, 693.35, 141820, 143771, 98, 33
3, NVIDIA H200, 64, 692.22, 141820, 143771, 98, 33
4, NVIDIA H200, 64, 695.10, 141820, 143771, 98, 33
5, NVIDIA H200, 71, 693.18, 141820, 143771, 98, 33
6, NVIDIA H200, 70, 693.69, 141820, 143771, 98, 34
7, NVIDIA H200, 64, 694.75, 141820, 143771, 98, 34
2026-09-04T21:06:35+00:00
0, NVIDIA H200, 62, 692.86, 141820, 143771, 98, 33
1, NVIDIA H200, 72, 694.73, 141820, 143771, 98, 34
2, NVIDIA H200, 72, 694.29, 141820, 143771, 98, 34
3, NVIDIA H200, 64, 697.75, 141820, 143771, 98, 34
4, NVIDIA H200, 63, 692.85, 141820, 143771, 98, 34
5, NVIDIA H200, 71, 694.12, 141820, 143771, 98, 34
6, NVIDIA H200, 70, 696.27, 141820, 143771, 98, 33
7, NVIDIA H200, 64, 693.45, 141820, 143771, 98, 34
2026-09-04T21:06:40+00:00
0, NVIDIA H200, 62, 694.71, 141820, 143771, 98, 33
1, NVIDIA H200, 73, 694.88, 141820, 143771, 98, 33
2, NVIDIA H200, 72, 694.17, 141820, 143771, 98, 34
3, NVIDIA H200, 64, 693.05, 141820, 143771, 98, 33
4, NVIDIA H200, 63, 695.89, 141820, 143771, 98, 34
5, NVIDIA H200, 71, 693.34, 141820, 143771, 98, 34
6, NVIDIA H200, 70, 693.34, 141820, 143771, 98, 34
7, NVIDIA H200, 64, 694.35, 141820, 143771, 97, 34
2026-09-04T21:06:45+00:00
0, NVIDIA H200, 62, 681.22, 141820, 143771, 98, 35
1, NVIDIA H200, 71, 693.22, 141820, 143771, 98, 34
2, NVIDIA H200, 71, 681.49, 141820, 143771, 98, 34
3, NVIDIA H200, 63, 685.62, 141820, 143771, 98, 34
4, NVIDIA H200, 63, 653.02, 141820, 143771, 98, 34
5, NVIDIA H200, 69, 657.63, 141820, 143771, 98, 34
6, NVIDIA H200, 70, 682.05, 141820, 143771, 98, 34
7, NVIDIA H200, 63, 668.35, 141820, 143771, 98, 34
2026-09-04T21:06:50+00:00
0, NVIDIA H200, 62, 695.20, 141820, 143771, 98, 33
1, NVIDIA H200, 72, 695.73, 141820, 143771, 98, 33
2, NVIDIA H200, 71, 695.04, 141820, 143771, 98, 32
3, NVIDIA H200, 63, 691.43, 141820, 143771, 98, 33
4, NVIDIA H200, 63, 694.66, 141820, 143771, 98, 33
5, NVIDIA H200, 70, 694.28, 141820, 143771, 98, 33
6, NVIDIA H200, 69, 692.60, 141820, 143771, 98, 33
7, NVIDIA H200, 63, 692.37, 141820, 143771, 98, 33
2026-09-04T21:06:56+00:00
0, NVIDIA H200, 62, 694.10, 141820, 143771, 98, 33
1, NVIDIA H200, 72, 692.27, 141820, 143771, 98, 33
2, NVIDIA H200, 72, 693.23, 141820, 143771, 98, 33
3, NVIDIA H200, 64, 695.71, 141820, 143771, 98, 33
4, NVIDIA H200, 63, 692.75, 141820, 143771, 98, 34
5, NVIDIA H200, 70, 693.05, 141820, 143771, 98, 34
6, NVIDIA H200, 69, 693.79, 141820, 143771, 98, 33
7, NVIDIA H200, 64, 692.23, 141820, 143771, 98, 33
2026-09-04T21:07:01+00:00
0, NVIDIA H200, 62, 694.26, 141820, 143771, 98, 34
1, NVIDIA H200, 72, 694.07, 141820, 143771, 98, 34
2, NVIDIA H200, 72, 693.45, 141820, 143771, 98, 34
3, NVIDIA H200, 64, 695.13, 141820, 143771, 98, 34
4, NVIDIA H200, 63, 694.50, 141820, 143771, 98, 33
5, NVIDIA H200, 70, 693.02, 141820, 143771, 98, 33
6, NVIDIA H200, 70, 694.22, 141820, 143771, 98, 34
7, NVIDIA H200, 64, 693.70, 141820, 143771, 98, 33
2026-09-04T21:07:06+00:00
0, NVIDIA H200, 63, 692.34, 141820, 143771, 98, 34
1, NVIDIA H200, 72, 695.11, 141820, 143771, 98, 34
2, NVIDIA H200, 72, 696.24, 141820, 143771, 98, 34
3, NVIDIA H200, 64, 696.92, 141820, 143771, 98, 33
4, NVIDIA H200, 64, 694.14, 141820, 143771, 98, 33
5, NVIDIA H200, 71, 693.79, 141820, 143771, 98, 33
6, NVIDIA H200, 70, 695.83, 141820, 143771, 98, 34
7, NVIDIA H200, 63, 693.47, 141820, 143771, 98, 34
2026-09-04T21:07:11+00:00
0, NVIDIA H200, 62, 694.02, 141820, 143771, 98, 33
1, NVIDIA H200, 72, 693.35, 141820, 143771, 98, 33
2, NVIDIA H200, 72, 692.86, 141820, 143771, 98, 33
3, NVIDIA H200, 64, 693.94, 141820, 143771, 98, 33
4, NVIDIA H200, 63, 692.11, 141820, 143771, 98, 33
5, NVIDIA H200, 71, 694.48, 141820, 143771, 98, 33
6, NVIDIA H200, 70, 694.39, 141820, 143771, 98, 33
7, NVIDIA H200, 64, 693.02, 141820, 143771, 98, 33
2026-09-04T21:07:17+00:00
0, NVIDIA H200, 62, 694.66, 141820, 143771, 97, 33
1, NVIDIA H200, 72, 692.72, 141820, 143771, 98, 33
2, NVIDIA H200, 72, 694.10, 141820, 143771, 98, 33
3, NVIDIA H200, 64, 694.05, 141820, 143771, 98, 34
4, NVIDIA H200, 63, 693.27, 141820, 143771, 98, 33
5, NVIDIA H200, 71, 694.78, 141820, 143771, 98, 33
6, NVIDIA H200, 70, 691.63, 141820, 143771, 98, 33
7, NVIDIA H200, 64, 695.77, 141820, 143771, 98, 33
2026-09-04T21:07:22+00:00
0, NVIDIA H200, 60, 574.97, 141820, 143771, 98, 24
1, NVIDIA H200, 72, 610.49, 141820, 143771, 99, 26
2, NVIDIA H200, 68, 569.03, 141820, 143771, 98, 29
3, NVIDIA H200, 62, 579.13, 141820, 143771, 98, 27
4, NVIDIA H200, 60, 563.90, 141820, 143771, 98, 28
5, NVIDIA H200, 66, 561.07, 141820, 143771, 98, 26
6, NVIDIA H200, 68, 575.94, 141820, 143771, 98, 23
7, NVIDIA H200, 60, 563.64, 141820, 143771, 98, 27
2026-09-04T21:07:27+00:00
0, NVIDIA H200, 63, 694.81, 141820, 143771, 98, 35
1, NVIDIA H200, 72, 695.53, 141820, 143771, 98, 34
2, NVIDIA H200, 72, 694.83, 141820, 143771, 98, 34
3, NVIDIA H200, 64, 692.95, 141820, 143771, 98, 35
4, NVIDIA H200, 63, 692.07, 141820, 143771, 98, 34
5, NVIDIA H200, 70, 694.89, 141820, 143771, 98, 34
6, NVIDIA H200, 70, 694.39, 141820, 143771, 98, 35
7, NVIDIA H200, 63, 690.66, 141820, 143771, 98, 34
2026-09-04T21:07:32+00:00
0, NVIDIA H200, 62, 694.62, 141820, 143771, 98, 33
1, NVIDIA H200, 72, 691.09, 141820, 143771, 98, 33
2, NVIDIA H200, 71, 694.32, 141820, 143771, 98, 34
3, NVIDIA H200, 63, 692.45, 141820, 143771, 98, 33
4, NVIDIA H200, 63, 693.89, 141820, 143771, 98, 34
5, NVIDIA H200, 70, 692.39, 141820, 143771, 98, 34
6, NVIDIA H200, 70, 695.16, 141820, 143771, 98, 33
7, NVIDIA H200, 63, 690.21, 141820, 143771, 98, 34
2026-09-04T21:07:38+00:00
0, NVIDIA H200, 62, 692.25, 141820, 143771, 98, 34
1, NVIDIA H200, 72, 692.21, 141820, 143771, 98, 33
2, NVIDIA H200, 72, 693.83, 141820, 143771, 98, 34
3, NVIDIA H200, 63, 692.38, 141820, 143771, 98, 33
4, NVIDIA H200, 63, 695.67, 141820, 143771, 98, 33
5, NVIDIA H200, 70, 692.66, 141820, 143771, 98, 33
6, NVIDIA H200, 70, 693.52, 141820, 143771, 98, 34
7, NVIDIA H200, 63, 697.86, 141820, 143771, 98, 34
2026-09-04T21:07:43+00:00
0, NVIDIA H200, 62, 693.35, 141820, 143771, 98, 33
1, NVIDIA H200, 72, 692.03, 141820, 143771, 98, 33
2, NVIDIA H200, 72, 695.44, 141820, 143771, 98, 34
3, NVIDIA H200, 64, 695.14, 141820, 143771, 98, 33
4, NVIDIA H200, 63, 695.65, 141820, 143771, 98, 33
5, NVIDIA H200, 70, 693.72, 141820, 143771, 98, 33
6, NVIDIA H200, 70, 694.25, 141820, 143771, 98, 33
7, NVIDIA H200, 64, 694.61, 141820, 143771, 98, 33
2026-09-04T21:07:48+00:00
0, NVIDIA H200, 62, 693.76, 141820, 143771, 98, 33
1, NVIDIA H200, 72, 693.48, 141820, 143771, 98, 33
2, NVIDIA H200, 72, 694.09, 141820, 143771, 98, 33
3, NVIDIA H200, 64, 694.85, 141820, 143771, 98, 34
4, NVIDIA H200, 63, 694.63, 141820, 143771, 98, 34
5, NVIDIA H200, 71, 693.68, 141820, 143771, 98, 33
6, NVIDIA H200, 69, 696.22, 141820, 143771, 98, 33
7, NVIDIA H200, 64, 692.11, 141820, 143771, 98, 33
2026-09-04T21:07:53+00:00
0, NVIDIA H200, 62, 691.11, 141820, 143771, 98, 33
1, NVIDIA H200, 72, 695.48, 141820, 143771, 98, 33
2, NVIDIA H200, 72, 696.33, 141820, 143771, 98, 33
3, NVIDIA H200, 64, 693.03, 141820, 143771, 98, 33
4, NVIDIA H200, 63, 694.17, 141820, 143771, 98, 33
5, NVIDIA H200, 71, 694.56, 141820, 143771, 98, 33
6, NVIDIA H200, 70, 693.37, 141820, 143771, 98, 34
7, NVIDIA H200, 64, 694.03, 141820, 143771, 98, 33
2026-09-04T21:07:59+00:00
0, NVIDIA H200, 62, 696.73, 141820, 143771, 98, 33
1, NVIDIA H200, 72, 693.64, 141820, 143771, 98, 34
2, NVIDIA H200, 72, 695.22, 141820, 143771, 98, 33
3, NVIDIA H200, 64, 696.32, 141820, 143771, 98, 34
4, NVIDIA H200, 63, 692.22, 141820, 143771, 98, 33
5, NVIDIA H200, 71, 694.40, 141820, 143771, 98, 33
6, NVIDIA H200, 70, 696.82, 141820, 143771, 98, 34
7, NVIDIA H200, 64, 693.22, 141820, 143771, 98, 33
2026-09-04T21:08:04+00:00
0, NVIDIA H200, 56, 492.15, 141820, 143771, 99, 22
1, NVIDIA H200, 67, 516.92, 141820, 143771, 99, 21
2, NVIDIA H200, 64, 480.57, 141820, 143771, 99, 16
3, NVIDIA H200, 59, 506.07, 141820, 143771, 99, 27
4, NVIDIA H200, 57, 486.85, 141820, 143771, 99, 22
5, NVIDIA H200, 65, 482.47, 141820, 143771, 99, 23
6, NVIDIA H200, 64, 504.53, 141820, 143771, 99, 21
7, NVIDIA H200, 57, 487.37, 141820, 143771, 99, 21
2026-09-04T21:08:09+00:00
0, NVIDIA H200, 62, 696.22, 141820, 143771, 98, 33
1, NVIDIA H200, 71, 694.79, 141820, 143771, 98, 33
2, NVIDIA H200, 71, 694.24, 141820, 143771, 98, 33
3, NVIDIA H200, 63, 693.23, 141820, 143771, 98, 33
4, NVIDIA H200, 63, 691.90, 141820, 143771, 98, 33
5, NVIDIA H200, 70, 694.11, 141820, 143771, 98, 33
6, NVIDIA H200, 69, 692.20, 141820, 143771, 98, 33
7, NVIDIA H200, 63, 692.16, 141820, 143771, 98, 33
2026-09-04T21:08:14+00:00
0, NVIDIA H200, 62, 696.59, 141820, 143771, 98, 33
1, NVIDIA H200, 72, 696.59, 141820, 143771, 98, 34
2, NVIDIA H200, 71, 692.01, 141820, 143771, 98, 34
3, NVIDIA H200, 64, 690.78, 141820, 143771, 98, 34
4, NVIDIA H200, 63, 693.04, 141820, 143771, 98, 34
5, NVIDIA H200, 70, 695.67, 141820, 143771, 98, 33
6, NVIDIA H200, 69, 693.66, 141820, 143771, 98, 34
7, NVIDIA H200, 63, 694.73, 141820, 143771, 98, 33
2026-09-04T21:08:19+00:00
0, NVIDIA H200, 62, 695.12, 141820, 143771, 98, 34
1, NVIDIA H200, 72, 691.97, 141820, 143771, 98, 33
2, NVIDIA H200, 71, 693.77, 141820, 143771, 98, 33
3, NVIDIA H200, 64, 693.65, 141820, 143771, 98, 33
4, NVIDIA H200, 63, 694.13, 141820, 143771, 98, 33
5, NVIDIA H200, 70, 694.34, 141820, 143771, 98, 34
6, NVIDIA H200, 70, 693.82, 141820, 143771, 98, 34
7, NVIDIA H200, 64, 693.01, 141820, 143771, 98, 33
2026-09-04T21:08:25+00:00
0, NVIDIA H200, 62, 694.67, 141820, 143771, 97, 34
1, NVIDIA H200, 72, 693.74, 141820, 143771, 98, 34
2, NVIDIA H200, 72, 692.81, 141820, 143771, 98, 34
3, NVIDIA H200, 64, 694.95, 141820, 143771, 98, 34
4, NVIDIA H200, 63, 693.87, 141820, 143771, 98, 34
5, NVIDIA H200, 70, 693.24, 141820, 143771, 98, 33
6, NVIDIA H200, 70, 695.33, 141820, 143771, 98, 34
7, NVIDIA H200, 64, 697.35, 141820, 143771, 98, 33
2026-09-04T21:08:30+00:00
0, NVIDIA H200, 62, 692.57, 141820, 143771, 98, 33
1, NVIDIA H200, 72, 695.52, 141820, 143771, 98, 33
2, NVIDIA H200, 72, 694.30, 141820, 143771, 98, 33
3, NVIDIA H200, 64, 696.62, 141820, 143771, 98, 33
4, NVIDIA H200, 64, 695.51, 141820, 143771, 98, 33
5, NVIDIA H200, 71, 691.36, 141820, 143771, 98, 33
6, NVIDIA H200, 70, 691.64, 141820, 143771, 98, 33
7, NVIDIA H200, 63, 693.32, 141820, 143771, 98, 33
2026-09-04T21:08:35+00:00
0, NVIDIA H200, 62, 694.12, 141820, 143771, 98, 34
1, NVIDIA H200, 72, 694.33, 141820, 143771, 98, 34
2, NVIDIA H200, 72, 692.75, 141820, 143771, 98, 33
3, NVIDIA H200, 64, 696.39, 141820, 143771, 98, 33
4, NVIDIA H200, 63, 695.08, 141820, 143771, 98, 34
5, NVIDIA H200, 70, 692.97, 141820, 143771, 98, 33
6, NVIDIA H200, 70, 692.72, 141820, 143771, 98, 33
7, NVIDIA H200, 64, 696.10, 141820, 143771, 98, 33
2026-09-04T21:08:40+00:00
0, NVIDIA H200, 62, 695.83, 141820, 143771, 97, 33
1, NVIDIA H200, 72, 693.74, 141820, 143771, 97, 33
2, NVIDIA H200, 72, 692.86, 141820, 143771, 98, 34
3, NVIDIA H200, 64, 694.58, 141820, 143771, 98, 33
4, NVIDIA H200, 64, 693.62, 141820, 143771, 98, 33
5, NVIDIA H200, 71, 691.68, 141820, 143771, 98, 34
6, NVIDIA H200, 69, 692.53, 141820, 143771, 98, 33
7, NVIDIA H200, 64, 691.70, 141820, 143771, 98, 34
2026-09-04T21:08:46+00:00
0, NVIDIA H200, 62, 692.20, 141820, 143771, 98, 33
1, NVIDIA H200, 72, 693.74, 141820, 143771, 98, 34
2, NVIDIA H200, 72, 694.01, 141820, 143771, 98, 34
3, NVIDIA H200, 64, 694.00, 141820, 143771, 98, 34
4, NVIDIA H200, 63, 694.57, 141820, 143771, 98, 33
5, NVIDIA H200, 71, 691.66, 141820, 143771, 98, 34
6, NVIDIA H200, 70, 696.32, 141820, 143771, 98, 34
7, NVIDIA H200, 64, 693.92, 141820, 143771, 98, 34
2026-09-04T21:08:51+00:00
0, NVIDIA H200, 60, 641.85, 141820, 143771, 98, 26
1, NVIDIA H200, 71, 661.15, 141820, 143771, 98, 24
2, NVIDIA H200, 70, 634.51, 141820, 143771, 98, 26
3, NVIDIA H200, 62, 636.23, 141820, 143771, 98, 26
4, NVIDIA H200, 60, 632.98, 141820, 143771, 98, 28
5, NVIDIA H200, 68, 621.05, 141820, 143771, 98, 31
6, NVIDIA H200, 70, 639.07, 141820, 143771, 98, 26
7, NVIDIA H200, 61, 624.49, 141820, 143771, 98, 24
2026-09-04T21:08:56+00:00
0, NVIDIA H200, 59, 514.80, 141820, 143771, 98, 29
1, NVIDIA H200, 67, 521.30, 141820, 143771, 99, 26
2, NVIDIA H200, 68, 499.49, 141820, 143771, 99, 29
3, NVIDIA H200, 59, 497.46, 141820, 143771, 99, 27
4, NVIDIA H200, 57, 496.91, 141820, 143771, 99, 21
5, NVIDIA H200, 64, 488.59, 141820, 143771, 99, 26
6, NVIDIA H200, 65, 497.89, 141820, 143771, 99, 24
7, NVIDIA H200, 58, 490.36, 141820, 143771, 99, 21
2026-09-04T21:09:01+00:00
0, NVIDIA H200, 61, 696.65, 141820, 143771, 98, 33
1, NVIDIA H200, 71, 694.90, 141820, 143771, 98, 33
2, NVIDIA H200, 71, 693.17, 141820, 143771, 98, 33
3, NVIDIA H200, 63, 691.85, 141820, 143771, 98, 33
4, NVIDIA H200, 63, 696.77, 141820, 143771, 98, 33
5, NVIDIA H200, 70, 695.64, 141820, 143771, 98, 33
6, NVIDIA H200, 69, 693.53, 141820, 143771, 98, 33
7, NVIDIA H200, 63, 695.93, 141820, 143771, 98, 33
2026-09-04T21:09:07+00:00
0, NVIDIA H200, 62, 697.56, 141820, 143771, 98, 33
1, NVIDIA H200, 72, 694.02, 141820, 143771, 98, 33
2, NVIDIA H200, 72, 694.75, 141820, 143771, 98, 33
3, NVIDIA H200, 64, 693.12, 141820, 143771, 98, 33
4, NVIDIA H200, 63, 694.82, 141820, 143771, 98, 34
5, NVIDIA H200, 70, 693.78, 141820, 143771, 98, 33
6, NVIDIA H200, 69, 693.05, 141820, 143771, 98, 34
7, NVIDIA H200, 63, 694.84, 141820, 143771, 98, 34
2026-09-04T21:09:12+00:00
0, NVIDIA H200, 62, 694.51, 141820, 143771, 98, 33
1, NVIDIA H200, 72, 695.20, 141820, 143771, 98, 33
2, NVIDIA H200, 72, 692.07, 141820, 143771, 98, 33
3, NVIDIA H200, 64, 692.64, 141820, 143771, 98, 33
4, NVIDIA H200, 63, 692.97, 141820, 143771, 98, 34
5, NVIDIA H200, 71, 694.89, 141820, 143771, 98, 33
6, NVIDIA H200, 69, 694.23, 141820, 143771, 98, 33
7, NVIDIA H200, 64, 694.02, 141820, 143771, 98, 33
2026-09-04T21:09:17+00:00
0, NVIDIA H200, 62, 692.12, 141820, 143771, 98, 33
1, NVIDIA H200, 72, 695.47, 141820, 143771, 98, 33
2, NVIDIA H200, 72, 696.55, 141820, 143771, 98, 33
3, NVIDIA H200, 64, 695.45, 141820, 143771, 98, 33
4, NVIDIA H200, 63, 694.32, 141820, 143771, 98, 33
5, NVIDIA H200, 71, 690.99, 141820, 143771, 98, 33
6, NVIDIA H200, 70, 696.46, 141820, 143771, 98, 34
7, NVIDIA H200, 64, 691.98, 141820, 143771, 98, 33
2026-09-04T21:09:22+00:00
0, NVIDIA H200, 62, 694.53, 141820, 143771, 98, 34
1, NVIDIA H200, 72, 692.32, 141820, 143771, 98, 34
2, NVIDIA H200, 72, 692.76, 141820, 143771, 98, 34
3, NVIDIA H200, 64, 692.66, 141820, 143771, 98, 34
4, NVIDIA H200, 63, 692.70, 141820, 143771, 98, 33
5, NVIDIA H200, 71, 693.20, 141820, 143771, 98, 34
6, NVIDIA H200, 70, 693.55, 141820, 143771, 98, 33
7, NVIDIA H200, 63, 694.74, 141820, 143771, 98, 34
2026-09-04T21:09:28+00:00
0, NVIDIA H200, 62, 694.42, 141820, 143771, 98, 33
1, NVIDIA H200, 72, 694.82, 141820, 143771, 98, 33
2, NVIDIA H200, 72, 694.56, 141820, 143771, 98, 33
3, NVIDIA H200, 64, 693.22, 141820, 143771, 98, 33
4, NVIDIA H200, 64, 694.56, 141820, 143771, 98, 33
5, NVIDIA H200, 70, 693.56, 141820, 143771, 98, 33
6, NVIDIA H200, 70, 692.54, 141820, 143771, 98, 33
7, NVIDIA H200, 63, 693.87, 141820, 143771, 98, 33
2026-09-04T21:09:33+00:00
0, NVIDIA H200, 62, 693.21, 141820, 143771, 98, 33
1, NVIDIA H200, 72, 693.49, 141820, 143771, 98, 33
2, NVIDIA H200, 72, 696.27, 141820, 143771, 98, 33
3, NVIDIA H200, 64, 696.62, 141820, 143771, 98, 33
4, NVIDIA H200, 64, 693.89, 141820, 143771, 98, 34
5, NVIDIA H200, 71, 692.78, 141820, 143771, 97, 34
6, NVIDIA H200, 70, 692.46, 141820, 143771, 98, 34
7, NVIDIA H200, 64, 693.17, 141820, 143771, 98, 34
2026-09-04T21:09:38+00:00
0, NVIDIA H200, 62, 695.34, 141820, 143771, 98, 33
1, NVIDIA H200, 72, 690.59, 141820, 143771, 98, 33
2, NVIDIA H200, 72, 690.78, 141820, 143771, 98, 33
3, NVIDIA H200, 64, 695.01, 141820, 143771, 98, 33
4, NVIDIA H200, 63, 695.70, 141820, 143771, 98, 34
5, NVIDIA H200, 70, 693.51, 141820, 143771, 98, 33
6, NVIDIA H200, 70, 692.39, 141820, 143771, 98, 33
7, NVIDIA H200, 64, 694.86, 141820, 143771, 98, 34
2026-09-04T21:09:43+00:00
0, NVIDIA H200, 61, 606.78, 141820, 143771, 99, 29
1, NVIDIA H200, 71, 629.09, 141820, 143771, 98, 28
2, NVIDIA H200, 70, 599.57, 141820, 143771, 98, 30
3, NVIDIA H200, 63, 598.19, 141820, 143771, 98, 26
4, NVIDIA H200, 61, 589.64, 141820, 143771, 98, 31
5, NVIDIA H200, 69, 598.26, 141820, 143771, 98, 31
6, NVIDIA H200, 67, 627.26, 141820, 143771, 98, 30
7, NVIDIA H200, 61, 584.72, 141820, 143771, 98, 28
2026-09-04T21:09:48+00:00
0, NVIDIA H200, 60, 534.51, 141820, 143771, 98, 28
1, NVIDIA H200, 70, 554.15, 141820, 143771, 98, 32
2, NVIDIA H200, 67, 535.55, 141820, 143771, 99, 25
3, NVIDIA H200, 60, 525.90, 141820, 143771, 98, 31
4, NVIDIA H200, 60, 520.32, 141820, 143771, 99, 27
5, NVIDIA H200, 67, 508.73, 141820, 143771, 98, 26
6, NVIDIA H200, 66, 529.56, 141820, 143771, 99, 24
7, NVIDIA H200, 59, 514.92, 141820, 143771, 98, 24
2026-09-04T21:09:54+00:00
0, NVIDIA H200, 62, 695.51, 141820, 143771, 98, 33
1, NVIDIA H200, 71, 693.90, 141820, 143771, 98, 33
2, NVIDIA H200, 71, 694.12, 141820, 143771, 98, 33
3, NVIDIA H200, 63, 692.93, 141820, 143771, 98, 33
4, NVIDIA H200, 63, 694.54, 141820, 143771, 98, 33
5, NVIDIA H200, 70, 695.66, 141820, 143771, 98, 33
6, NVIDIA H200, 69, 693.68, 141820, 143771, 98, 33
7, NVIDIA H200, 63, 694.23, 141820, 143771, 98, 34
2026-09-04T21:09:59+00:00
0, NVIDIA H200, 62, 695.32, 141820, 143771, 97, 34
1, NVIDIA H200, 72, 693.42, 141820, 143771, 98, 34
2, NVIDIA H200, 71, 694.95, 141820, 143771, 98, 34
3, NVIDIA H200, 64, 694.02, 141820, 143771, 98, 34
4, NVIDIA H200, 63, 691.34, 141820, 143771, 98, 34
5, NVIDIA H200, 70, 695.39, 141820, 143771, 98, 33
6, NVIDIA H200, 69, 694.95, 141820, 143771, 98, 34
7, NVIDIA H200, 63, 694.29, 141820, 143771, 98, 34
2026-09-04T21:10:04+00:00
0, NVIDIA H200, 62, 694.39, 141820, 143771, 98, 34
1, NVIDIA H200, 72, 693.85, 141820, 143771, 98, 34
2, NVIDIA H200, 71, 690.66, 141820, 143771, 98, 34
3, NVIDIA H200, 63, 691.97, 141820, 143771, 98, 34
4, NVIDIA H200, 63, 694.98, 141820, 143771, 98, 33
5, NVIDIA H200, 70, 692.01, 141820, 143771, 98, 33
6, NVIDIA H200, 69, 694.09, 141820, 143771, 98, 34
7, NVIDIA H200, 63, 691.94, 141820, 143771, 98, 34
2026-09-04T21:10:09+00:00
0, NVIDIA H200, 62, 692.73, 141820, 143771, 98, 33
1, NVIDIA H200, 72, 690.90, 141820, 143771, 98, 33
2, NVIDIA H200, 71, 694.98, 141820, 143771, 98, 33
3, NVIDIA H200, 64, 694.43, 141820, 143771, 98, 33
4, NVIDIA H200, 63, 694.67, 141820, 143771, 98, 33
5, NVIDIA H200, 70, 691.19, 141820, 143771, 98, 33
6, NVIDIA H200, 70, 694.50, 141820, 143771, 98, 33
7, NVIDIA H200, 63, 692.66, 141820, 143771, 98, 33
2026-09-04T21:10:15+00:00
0, NVIDIA H200, 62, 693.13, 141820, 143771, 98, 34
1, NVIDIA H200, 72, 693.20, 141820, 143771, 98, 34
2, NVIDIA H200, 71, 691.96, 141820, 143771, 98, 34
3, NVIDIA H200, 64, 693.42, 141820, 143771, 98, 34
4, NVIDIA H200, 63, 694.05, 141820, 143771, 98, 34
5, NVIDIA H200, 70, 693.29, 141820, 143771, 98, 33
6, NVIDIA H200, 70, 694.73, 141820, 143771, 98, 34
7, NVIDIA H200, 63, 693.90, 141820, 143771, 98, 34
2026-09-04T21:10:20+00:00
0, NVIDIA H200, 62, 696.11, 141820, 143771, 98, 34
1, NVIDIA H200, 72, 696.90, 141820, 143771, 98, 33
2, NVIDIA H200, 72, 693.30, 141820, 143771, 98, 33
3, NVIDIA H200, 64, 690.84, 141820, 143771, 98, 34
4, NVIDIA H200, 63, 692.88, 141820, 143771, 98, 34
5, NVIDIA H200, 71, 693.72, 141820, 143771, 98, 33
6, NVIDIA H200, 70, 693.82, 141820, 143771, 98, 34
7, NVIDIA H200, 63, 694.37, 141820, 143771, 98, 34
2026-09-04T21:10:25+00:00
0, NVIDIA H200, 62, 695.10, 141820, 143771, 98, 33
1, NVIDIA H200, 72, 695.22, 141820, 143771, 98, 33
2, NVIDIA H200, 72, 696.99, 141820, 143771, 98, 33
3, NVIDIA H200, 64, 695.44, 141820, 143771, 98, 33
4, NVIDIA H200, 63, 693.10, 141820, 143771, 98, 33
5, NVIDIA H200, 71, 693.78, 141820, 143771, 98, 33
6, NVIDIA H200, 70, 694.42, 141820, 143771, 98, 33
7, NVIDIA H200, 63, 695.72, 141820, 143771, 98, 33
2026-09-04T21:10:30+00:00
0, NVIDIA H200, 62, 695.73, 141820, 143771, 98, 34
1, NVIDIA H200, 72, 694.58, 141820, 143771, 98, 33
2, NVIDIA H200, 72, 693.11, 141820, 143771, 98, 34
3, NVIDIA H200, 64, 690.82, 141820, 143771, 98, 33
4, NVIDIA H200, 63, 694.56, 141820, 143771, 98, 34
5, NVIDIA H200, 71, 693.14, 141820, 143771, 98, 33
6, NVIDIA H200, 70, 693.78, 141820, 143771, 98, 33
7, NVIDIA H200, 63, 695.17, 141820, 143771, 98, 33
2026-09-04T21:10:35+00:00
0, NVIDIA H200, 62, 695.07, 141820, 143771, 98, 34
1, NVIDIA H200, 72, 693.60, 141820, 143771, 98, 33
2, NVIDIA H200, 72, 691.99, 141820, 143771, 98, 33
3, NVIDIA H200, 64, 694.28, 141820, 143771, 98, 34
4, NVIDIA H200, 63, 694.06, 141820, 143771, 98, 34
5, NVIDIA H200, 70, 693.81, 141820, 143771, 98, 33
6, NVIDIA H200, 70, 693.43, 141820, 143771, 98, 33
7, NVIDIA H200, 64, 694.95, 141820, 143771, 98, 33
2026-09-04T21:10:41+00:00
0, NVIDIA H200, 62, 690.71, 141820, 143771, 98, 33
1, NVIDIA H200, 72, 693.29, 141820, 143771, 97, 33
2, NVIDIA H200, 72, 695.22, 141820, 143771, 98, 33
3, NVIDIA H200, 64, 692.88, 141820, 143771, 98, 33
4, NVIDIA H200, 64, 692.88, 141820, 143771, 98, 33
5, NVIDIA H200, 70, 693.30, 141820, 143771, 98, 34
6, NVIDIA H200, 70, 696.82, 141820, 143771, 98, 34
7, NVIDIA H200, 64, 690.69, 141820, 143771, 98, 33
2026-09-04T21:10:46+00:00
0, NVIDIA H200, 62, 692.12, 141820, 143771, 98, 34
1, NVIDIA H200, 72, 693.56, 141820, 143771, 98, 33
2, NVIDIA H200, 72, 694.84, 141820, 143771, 98, 33
3, NVIDIA H200, 64, 693.18, 141820, 143771, 98, 33
4, NVIDIA H200, 63, 694.30, 141820, 143771, 98, 33
5, NVIDIA H200, 71, 695.16, 141820, 143771, 98, 33
6, NVIDIA H200, 70, 697.43, 141820, 143771, 98, 33
7, NVIDIA H200, 64, 693.11, 141820, 143771, 98, 33
2026-09-04T21:10:51+00:00
0, NVIDIA H200, 57, 587.35, 141820, 143771, 98, 22
1, NVIDIA H200, 70, 596.89, 141820, 143771, 98, 26
2, NVIDIA H200, 69, 582.70, 141820, 143771, 99, 24
3, NVIDIA H200, 60, 577.11, 141820, 143771, 98, 27
4, NVIDIA H200, 61, 581.76, 141820, 143771, 99, 26
5, NVIDIA H200, 67, 589.83, 141820, 143771, 99, 27
6, NVIDIA H200, 66, 602.32, 141820, 143771, 99, 23
7, NVIDIA H200, 58, 561.94, 141820, 143771, 99, 24
2026-09-04T21:10:56+00:00
0, NVIDIA H200, 62, 695.99, 141820, 143771, 98, 34
1, NVIDIA H200, 72, 695.20, 141820, 143771, 98, 34
2, NVIDIA H200, 71, 697.11, 141820, 143771, 98, 34
3, NVIDIA H200, 63, 693.20, 141820, 143771, 98, 34
4, NVIDIA H200, 63, 694.17, 141820, 143771, 98, 34
5, NVIDIA H200, 70, 691.91, 141820, 143771, 98, 34
6, NVIDIA H200, 70, 691.26, 141820, 143771, 98, 34
7, NVIDIA H200, 63, 693.93, 141820, 143771, 98, 34
2026-09-04T21:11:01+00:00
0, NVIDIA H200, 61, 694.27, 141820, 143771, 98, 33
1, NVIDIA H200, 71, 693.62, 141820, 143771, 98, 33
2, NVIDIA H200, 71, 694.24, 141820, 143771, 98, 33
3, NVIDIA H200, 64, 693.68, 141820, 143771, 98, 33
4, NVIDIA H200, 63, 693.25, 141820, 143771, 98, 33
5, NVIDIA H200, 70, 693.47, 141820, 143771, 98, 33
6, NVIDIA H200, 69, 691.31, 141820, 143771, 98, 33
7, NVIDIA H200, 63, 693.12, 141820, 143771, 98, 33
2026-09-04T21:11:07+00:00
0, NVIDIA H200, 62, 693.35, 141820, 143771, 98, 33
1, NVIDIA H200, 71, 693.81, 141820, 143771, 98, 34
2, NVIDIA H200, 72, 693.13, 141820, 143771, 98, 34
3, NVIDIA H200, 64, 691.47, 141820, 143771, 98, 34
4, NVIDIA H200, 63, 694.54, 141820, 143771, 98, 33
5, NVIDIA H200, 70, 694.54, 141820, 143771, 98, 33
6, NVIDIA H200, 70, 694.32, 141820, 143771, 98, 33
7, NVIDIA H200, 63, 692.07, 141820, 143771, 98, 33
2026-09-04T21:11:12+00:00
0, NVIDIA H200, 62, 693.88, 141820, 143771, 98, 33
1, NVIDIA H200, 72, 695.12, 141820, 143771, 98, 33
2, NVIDIA H200, 71, 693.74, 141820, 143771, 98, 33
3, NVIDIA H200, 64, 693.56, 141820, 143771, 98, 33
4, NVIDIA H200, 63, 694.47, 141820, 143771, 98, 34
5, NVIDIA H200, 70, 694.31, 141820, 143771, 98, 33
6, NVIDIA H200, 70, 694.55, 141820, 143771, 98, 34
7, NVIDIA H200, 63, 694.91, 141820, 143771, 98, 34
2026-09-04T21:11:17+00:00
0, NVIDIA H200, 61, 695.80, 141820, 143771, 98, 33
1, NVIDIA H200, 72, 692.42, 141820, 143771, 98, 33
2, NVIDIA H200, 72, 694.57, 141820, 143771, 98, 34
3, NVIDIA H200, 64, 696.47, 141820, 143771, 98, 34
4, NVIDIA H200, 63, 695.26, 141820, 143771, 98, 33
5, NVIDIA H200, 70, 693.32, 141820, 143771, 98, 34
6, NVIDIA H200, 70, 695.65, 141820, 143771, 98, 34
7, NVIDIA H200, 63, 694.69, 141820, 143771, 98, 34
2026-09-04T21:11:22+00:00
0, NVIDIA H200, 62, 694.34, 141820, 143771, 98, 33
1, NVIDIA H200, 72, 692.54, 141820, 143771, 98, 33
2, NVIDIA H200, 72, 692.63, 141820, 143771, 98, 34
3, NVIDIA H200, 64, 693.11, 141820, 143771, 98, 33
4, NVIDIA H200, 63, 693.86, 141820, 143771, 98, 33
5, NVIDIA H200, 71, 693.51, 141820, 143771, 98, 34
6, NVIDIA H200, 70, 696.35, 141820, 143771, 98, 33
7, NVIDIA H200, 63, 693.79, 141820, 143771, 98, 33
2026-09-04T21:11:28+00:00
0, NVIDIA H200, 62, 692.79, 141820, 143771, 98, 33
1, NVIDIA H200, 72, 695.02, 141820, 143771, 98, 33
2, NVIDIA H200, 72, 693.62, 141820, 143771, 98, 33
3, NVIDIA H200, 64, 694.99, 141820, 143771, 98, 33
4, NVIDIA H200, 63, 695.59, 141820, 143771, 98, 33
5, NVIDIA H200, 71, 694.20, 141820, 143771, 98, 33
6, NVIDIA H200, 69, 691.98, 141820, 143771, 98, 33
7, NVIDIA H200, 63, 692.66, 141820, 143771, 98, 33
2026-09-04T21:11:33+00:00
0, NVIDIA H200, 62, 695.21, 141820, 143771, 98, 33
1, NVIDIA H200, 72, 693.41, 141820, 143771, 98, 33
2, NVIDIA H200, 72, 695.42, 141820, 143771, 98, 33
3, NVIDIA H200, 64, 696.32, 141820, 143771, 98, 33
4, NVIDIA H200, 63, 695.57, 141820, 143771, 98, 33
5, NVIDIA H200, 71, 694.54, 141820, 143771, 98, 33
6, NVIDIA H200, 70, 694.22, 141820, 143771, 98, 33
7, NVIDIA H200, 64, 695.79, 141820, 143771, 98, 33
2026-09-04T21:11:38+00:00
0, NVIDIA H200, 62, 694.96, 141820, 143771, 98, 34
1, NVIDIA H200, 72, 692.27, 141820, 143771, 98, 34
2, NVIDIA H200, 72, 693.05, 141820, 143771, 98, 33
3, NVIDIA H200, 64, 694.73, 141820, 143771, 98, 33
4, NVIDIA H200, 63, 695.93, 141820, 143771, 98, 34
5, NVIDIA H200, 71, 693.74, 141820, 143771, 98, 33
6, NVIDIA H200, 70, 694.43, 141820, 143771, 98, 33
7, NVIDIA H200, 63, 694.11, 141820, 143771, 98, 33
2026-09-04T21:11:43+00:00
0, NVIDIA H200, 62, 696.10, 141820, 143771, 98, 33
1, NVIDIA H200, 72, 693.69, 141820, 143771, 98, 33
2, NVIDIA H200, 72, 694.18, 141820, 143771, 98, 34
3, NVIDIA H200, 64, 692.56, 141820, 143771, 98, 34
4, NVIDIA H200, 64, 695.82, 141820, 143771, 98, 33
5, NVIDIA H200, 71, 693.13, 141820, 143771, 98, 33
6, NVIDIA H200, 70, 694.76, 141820, 143771, 98, 33
7, NVIDIA H200, 63, 692.57, 141820, 143771, 98, 33
2026-09-04T21:11:48+00:00
0, NVIDIA H200, 62, 691.31, 141820, 143771, 98, 33
1, NVIDIA H200, 72, 691.57, 141820, 143771, 98, 33
2, NVIDIA H200, 72, 695.70, 141820, 143771, 98, 33
3, NVIDIA H200, 64, 693.24, 141820, 143771, 98, 33
4, NVIDIA H200, 63, 691.39, 141820, 143771, 98, 33
5, NVIDIA H200, 71, 693.77, 141820, 143771, 98, 33
6, NVIDIA H200, 70, 696.05, 141820, 143771, 98, 33
7, NVIDIA H200, 64, 695.27, 141820, 143771, 98, 33
2026-09-04T21:11:54+00:00
0, NVIDIA H200, 61, 639.81, 141820, 143771, 98, 23
1, NVIDIA H200, 70, 646.41, 141820, 143771, 99, 25
2, NVIDIA H200, 70, 622.25, 141820, 143771, 98, 23
3, NVIDIA H200, 61, 636.94, 141820, 143771, 99, 21
4, NVIDIA H200, 60, 627.42, 141820, 143771, 98, 28
5, NVIDIA H200, 70, 632.58, 141820, 143771, 99, 31
6, NVIDIA H200, 68, 649.45, 141820, 143771, 99, 21
7, NVIDIA H200, 62, 621.47, 141820, 143771, 98, 29
2026-09-04T21:11:59+00:00
0, NVIDIA H200, 59, 542.09, 141820, 143771, 98, 23
1, NVIDIA H200, 68, 569.05, 141820, 143771, 99, 27
2, NVIDIA H200, 68, 520.99, 141820, 143771, 99, 24
3, NVIDIA H200, 58, 530.36, 141820, 143771, 98, 23
4, NVIDIA H200, 57, 528.57, 141820, 143771, 98, 23
5, NVIDIA H200, 65, 532.36, 141820, 143771, 99, 29
6, NVIDIA H200, 65, 533.52, 141820, 143771, 99, 25
7, NVIDIA H200, 58, 512.28, 141820, 143771, 99, 21
2026-09-04T21:12:04+00:00
0, NVIDIA H200, 62, 694.92, 141820, 143771, 98, 33
1, NVIDIA H200, 72, 694.56, 141820, 143771, 97, 34
2, NVIDIA H200, 71, 692.52, 141820, 143771, 98, 34
3, NVIDIA H200, 63, 693.84, 141820, 143771, 98, 34
4, NVIDIA H200, 62, 690.55, 141820, 143771, 98, 34
5, NVIDIA H200, 70, 693.06, 141820, 143771, 98, 34
6, NVIDIA H200, 70, 694.28, 141820, 143771, 98, 34
7, NVIDIA H200, 62, 694.17, 141820, 143771, 98, 34
2026-09-04T21:12:09+00:00
0, NVIDIA H200, 61, 693.71, 141820, 143771, 98, 34
1, NVIDIA H200, 72, 695.22, 141820, 143771, 98, 34
2, NVIDIA H200, 71, 693.97, 141820, 143771, 98, 33
3, NVIDIA H200, 64, 693.31, 141820, 143771, 98, 34
4, NVIDIA H200, 63, 695.24, 141820, 143771, 98, 34
5, NVIDIA H200, 70, 695.13, 141820, 143771, 98, 33
6, NVIDIA H200, 70, 694.59, 141820, 143771, 98, 33
7, NVIDIA H200, 63, 693.85, 141820, 143771, 98, 33
2026-09-04T21:12:15+00:00
0, NVIDIA H200, 62, 695.94, 141820, 143771, 98, 34
1, NVIDIA H200, 72, 696.65, 141820, 143771, 98, 34
2, NVIDIA H200, 72, 696.50, 141820, 143771, 98, 33
3, NVIDIA H200, 64, 694.24, 141820, 143771, 98, 33
4, NVIDIA H200, 63, 691.95, 141820, 143771, 98, 33
5, NVIDIA H200, 70, 694.40, 141820, 143771, 98, 33
6, NVIDIA H200, 70, 694.57, 141820, 143771, 98, 33
7, NVIDIA H200, 63, 690.45, 141820, 143771, 98, 33
2026-09-04T21:12:20+00:00
0, NVIDIA H200, 62, 690.84, 141820, 143771, 98, 33
1, NVIDIA H200, 72, 695.25, 141820, 143771, 98, 33
2, NVIDIA H200, 71, 693.07, 141820, 143771, 98, 34
3, NVIDIA H200, 64, 692.64, 141820, 143771, 98, 33
4, NVIDIA H200, 63, 694.63, 141820, 143771, 98, 34
5, NVIDIA H200, 70, 695.09, 141820, 143771, 98, 34
6, NVIDIA H200, 69, 695.85, 141820, 143771, 98, 34
7, NVIDIA H200, 63, 694.86, 141820, 143771, 98, 33
2026-09-04T21:12:25+00:00
0, NVIDIA H200, 62, 693.60, 141820, 143771, 98, 33
1, NVIDIA H200, 71, 692.98, 141820, 143771, 98, 33
2, NVIDIA H200, 72, 692.00, 141820, 143771, 98, 33
3, NVIDIA H200, 64, 692.90, 141820, 143771, 98, 33
4, NVIDIA H200, 63, 695.38, 141820, 143771, 98, 33
5, NVIDIA H200, 71, 695.03, 141820, 143771, 98, 33
6, NVIDIA H200, 70, 693.03, 141820, 143771, 98, 33
7, NVIDIA H200, 63, 691.16, 141820, 143771, 98, 33
2026-09-04T21:12:30+00:00
0, NVIDIA H200, 62, 694.10, 141820, 143771, 98, 33
1, NVIDIA H200, 72, 693.35, 141820, 143771, 98, 34
2, NVIDIA H200, 72, 697.24, 141820, 143771, 98, 33
3, NVIDIA H200, 64, 693.96, 141820, 143771, 98, 34
4, NVIDIA H200, 63, 693.22, 141820, 143771, 98, 33
5, NVIDIA H200, 71, 695.01, 141820, 143771, 98, 34
6, NVIDIA H200, 70, 691.93, 141820, 143771, 98, 34
7, NVIDIA H200, 63, 694.09, 141820, 143771, 98, 33
2026-09-04T21:12:35+00:00
0, NVIDIA H200, 62, 692.91, 141820, 143771, 98, 34
1, NVIDIA H200, 72, 693.38, 141820, 143771, 97, 33
2, NVIDIA H200, 72, 690.25, 141820, 143771, 98, 34
3, NVIDIA H200, 64, 692.51, 141820, 143771, 98, 34
4, NVIDIA H200, 64, 695.33, 141820, 143771, 98, 34
5, NVIDIA H200, 71, 693.57, 141820, 143771, 98, 34
6, NVIDIA H200, 70, 694.80, 141820, 143771, 98, 34
7, NVIDIA H200, 63, 693.89, 141820, 143771, 98, 33
2026-09-04T21:12:41+00:00
0, NVIDIA H200, 62, 694.39, 141820, 143771, 98, 33
1, NVIDIA H200, 71, 692.83, 141820, 143771, 98, 33
2, NVIDIA H200, 72, 694.91, 141820, 143771, 98, 33
3, NVIDIA H200, 64, 695.21, 141820, 143771, 98, 33
4, NVIDIA H200, 63, 695.22, 141820, 143771, 98, 33
5, NVIDIA H200, 70, 692.65, 141820, 143771, 98, 34
6, NVIDIA H200, 70, 693.77, 141820, 143771, 98, 33
7, NVIDIA H200, 64, 694.99, 141820, 143771, 98, 33
2026-09-04T21:12:46+00:00
0, NVIDIA H200, 62, 694.27, 141820, 143771, 98, 33
1, NVIDIA H200, 71, 694.48, 141820, 143771, 98, 33
2, NVIDIA H200, 72, 692.97, 141820, 143771, 98, 34
3, NVIDIA H200, 64, 693.32, 141820, 143771, 98, 33
4, NVIDIA H200, 63, 695.24, 141820, 143771, 98, 33
5, NVIDIA H200, 71, 694.81, 141820, 143771, 98, 33
6, NVIDIA H200, 70, 693.94, 141820, 143771, 98, 33
7, NVIDIA H200, 64, 691.71, 141820, 143771, 98, 33
2026-09-04T21:12:51+00:00
0, NVIDIA H200, 62, 694.70, 141820, 143771, 98, 33
1, NVIDIA H200, 72, 694.15, 141820, 143771, 97, 33
2, NVIDIA H200, 72, 694.10, 141820, 143771, 98, 34
3, NVIDIA H200, 64, 692.17, 141820, 143771, 98, 33
4, NVIDIA H200, 63, 693.03, 141820, 143771, 98, 33
5, NVIDIA H200, 71, 693.76, 141820, 143771, 98, 33
6, NVIDIA H200, 70, 695.26, 141820, 143771, 98, 33
7, NVIDIA H200, 64, 694.76, 141820, 143771, 98, 34
2026-09-04T21:12:56+00:00
0, NVIDIA H200, 62, 695.31, 141820, 143771, 98, 33
1, NVIDIA H200, 72, 694.76, 141820, 143771, 98, 33
2, NVIDIA H200, 72, 694.85, 141820, 143771, 98, 34
3, NVIDIA H200, 64, 695.09, 141820, 143771, 98, 33
4, NVIDIA H200, 63, 693.66, 141820, 143771, 98, 33
5, NVIDIA H200, 71, 694.43, 141820, 143771, 98, 34
6, NVIDIA H200, 70, 694.81, 141820, 143771, 98, 34
7, NVIDIA H200, 64, 696.91, 141820, 143771, 98, 33
2026-09-04T21:13:02+00:00
0, NVIDIA H200, 62, 691.66, 141820, 143771, 98, 33
1, NVIDIA H200, 72, 694.58, 141820, 143771, 98, 33
2, NVIDIA H200, 72, 693.89, 141820, 143771, 98, 34
3, NVIDIA H200, 64, 691.31, 141820, 143771, 98, 33
4, NVIDIA H200, 63, 692.38, 141820, 143771, 98, 33
5, NVIDIA H200, 71, 692.98, 141820, 143771, 98, 33
6, NVIDIA H200, 70, 694.38, 141820, 143771, 98, 33
7, NVIDIA H200, 64, 691.49, 141820, 143771, 98, 33
2026-09-04T21:13:07+00:00
0, NVIDIA H200, 62, 692.75, 141820, 143771, 98, 33
1, NVIDIA H200, 72, 694.63, 141820, 143771, 98, 33
2, NVIDIA H200, 72, 693.85, 141820, 143771, 98, 33
3, NVIDIA H200, 64, 690.11, 141820, 143771, 98, 33
4, NVIDIA H200, 63, 691.64, 141820, 143771, 98, 33
5, NVIDIA H200, 71, 693.59, 141820, 143771, 98, 33
6, NVIDIA H200, 70, 694.48, 141820, 143771, 98, 33
7, NVIDIA H200, 64, 696.19, 141820, 143771, 98, 33
2026-09-04T21:13:12+00:00
0, NVIDIA H200, 62, 693.98, 141820, 143771, 98, 33
1, NVIDIA H200, 71, 693.31, 141820, 143771, 98, 33
2, NVIDIA H200, 72, 693.88, 141820, 143771, 98, 33
3, NVIDIA H200, 64, 695.07, 141820, 143771, 98, 33
4, NVIDIA H200, 64, 693.67, 141820, 143771, 98, 33
5, NVIDIA H200, 71, 693.53, 141820, 143771, 98, 33
6, NVIDIA H200, 70, 693.28, 141820, 143771, 98, 33
7, NVIDIA H200, 64, 693.74, 141820, 143771, 98, 33
2026-09-04T21:13:17+00:00
0, NVIDIA H200, 61, 675.87, 141820, 143771, 98, 33
1, NVIDIA H200, 71, 686.17, 141820, 143771, 98, 32
2, NVIDIA H200, 71, 667.49, 141820, 143771, 98, 30
3, NVIDIA H200, 63, 678.89, 141820, 143771, 98, 35
4, NVIDIA H200, 64, 667.52, 141820, 143771, 98, 31
5, NVIDIA H200, 71, 670.19, 141820, 143771, 98, 28
6, NVIDIA H200, 69, 686.50, 141820, 143771, 98, 30
7, NVIDIA H200, 64, 671.11, 141820, 143771, 98, 33
2026-09-04T21:13:22+00:00
0, NVIDIA H200, 57, 581.90, 141820, 143771, 99, 29
1, NVIDIA H200, 67, 600.33, 141820, 143771, 99, 23
2, NVIDIA H200, 67, 586.31, 141820, 143771, 99, 30
3, NVIDIA H200, 59, 572.19, 141820, 143771, 98, 28
4, NVIDIA H200, 59, 557.39, 141820, 143771, 99, 19
5, NVIDIA H200, 66, 573.18, 141820, 143771, 99, 16
6, NVIDIA H200, 68, 590.78, 141820, 143771, 99, 24
7, NVIDIA H200, 57, 555.82, 141820, 143771, 99, 18
2026-09-04T21:13:28+00:00
0, NVIDIA H200, 61, 693.23, 141820, 143771, 98, 33
1, NVIDIA H200, 71, 695.15, 141820, 143771, 98, 33
2, NVIDIA H200, 71, 698.76, 141820, 143771, 98, 33
3, NVIDIA H200, 62, 690.57, 141820, 143771, 98, 34
4, NVIDIA H200, 62, 693.29, 141820, 143771, 98, 33
5, NVIDIA H200, 69, 692.10, 141820, 143771, 98, 33
6, NVIDIA H200, 68, 693.16, 141820, 143771, 98, 33
7, NVIDIA H200, 62, 693.04, 141820, 143771, 98, 33
2026-09-04T21:13:33+00:00
0, NVIDIA H200, 62, 692.63, 141820, 143771, 98, 34
1, NVIDIA H200, 72, 694.53, 141820, 143771, 98, 34
2, NVIDIA H200, 72, 694.33, 141820, 143771, 98, 33
3, NVIDIA H200, 64, 695.53, 141820, 143771, 98, 34
4, NVIDIA H200, 63, 694.74, 141820, 143771, 98, 34
5, NVIDIA H200, 70, 695.55, 141820, 143771, 98, 34
6, NVIDIA H200, 70, 693.39, 141820, 143771, 98, 34
7, NVIDIA H200, 63, 693.90, 141820, 143771, 98, 34
2026-09-04T21:13:38+00:00
0, NVIDIA H200, 62, 693.01, 141820, 143771, 98, 33
1, NVIDIA H200, 72, 695.24, 141820, 143771, 98, 33
2, NVIDIA H200, 72, 691.82, 141820, 143771, 98, 33
3, NVIDIA H200, 64, 691.89, 141820, 143771, 98, 34
4, NVIDIA H200, 63, 694.21, 141820, 143771, 98, 33
5, NVIDIA H200, 70, 693.52, 141820, 143771, 98, 33
6, NVIDIA H200, 70, 693.26, 141820, 143771, 98, 34
7, NVIDIA H200, 63, 693.36, 141820, 143771, 98, 33
2026-09-04T21:13:43+00:00
0, NVIDIA H200, 62, 693.58, 141820, 143771, 98, 33
1, NVIDIA H200, 72, 692.63, 141820, 143771, 98, 33
2, NVIDIA H200, 72, 694.45, 141820, 143771, 98, 33
3, NVIDIA H200, 64, 695.42, 141820, 143771, 98, 33
4, NVIDIA H200, 63, 694.30, 141820, 143771, 98, 33
5, NVIDIA H200, 70, 693.27, 141820, 143771, 98, 33
6, NVIDIA H200, 70, 696.87, 141820, 143771, 98, 33
7, NVIDIA H200, 63, 693.76, 141820, 143771, 97, 33
2026-09-04T21:13:49+00:00
0, NVIDIA H200, 62, 693.16, 141820, 143771, 98, 34
1, NVIDIA H200, 72, 692.62, 141820, 143771, 98, 33
2, NVIDIA H200, 72, 694.48, 141820, 143771, 98, 34
3, NVIDIA H200, 64, 690.21, 141820, 143771, 98, 33
4, NVIDIA H200, 63, 693.60, 141820, 143771, 98, 34
5, NVIDIA H200, 70, 695.02, 141820, 143771, 98, 34
6, NVIDIA H200, 70, 693.26, 141820, 143771, 98, 33
7, NVIDIA H200, 63, 694.61, 141820, 143771, 98, 34
2026-09-04T21:13:54+00:00
0, NVIDIA H200, 62, 695.10, 141820, 143771, 97, 33
1, NVIDIA H200, 72, 694.14, 141820, 143771, 98, 33
2, NVIDIA H200, 72, 694.38, 141820, 143771, 98, 33
3, NVIDIA H200, 64, 697.05, 141820, 143771, 98, 33
4, NVIDIA H200, 64, 691.58, 141820, 143771, 98, 33
5, NVIDIA H200, 71, 694.09, 141820, 143771, 98, 33
6, NVIDIA H200, 70, 694.32, 141820, 143771, 98, 33
7, NVIDIA H200, 64, 692.15, 141820, 143771, 98, 33
2026-09-04T21:13:59+00:00
0, NVIDIA H200, 62, 694.74, 141820, 143771, 98, 33
1, NVIDIA H200, 72, 696.34, 141820, 143771, 98, 33
2, NVIDIA H200, 72, 694.51, 141820, 143771, 98, 33
3, NVIDIA H200, 64, 695.60, 141820, 143771, 98, 33
4, NVIDIA H200, 64, 694.35, 141820, 143771, 98, 33
5, NVIDIA H200, 71, 694.98, 141820, 143771, 98, 34
6, NVIDIA H200, 70, 693.39, 141820, 143771, 98, 33
7, NVIDIA H200, 64, 693.79, 141820, 143771, 98, 33
2026-09-04T21:14:04+00:00
0, NVIDIA H200, 62, 691.25, 141820, 143771, 98, 34
1, NVIDIA H200, 72, 692.01, 141820, 143771, 98, 33
2, NVIDIA H200, 72, 695.83, 141820, 143771, 98, 34
3, NVIDIA H200, 64, 695.38, 141820, 143771, 98, 33
4, NVIDIA H200, 63, 694.07, 141820, 143771, 98, 34
5, NVIDIA H200, 71, 693.16, 141820, 143771, 98, 33
6, NVIDIA H200, 70, 693.20, 141820, 143771, 98, 34
7, NVIDIA H200, 64, 694.99, 141820, 143771, 98, 33
2026-09-04T21:14:09+00:00
0, NVIDIA H200, 62, 693.00, 141820, 143771, 97, 34
1, NVIDIA H200, 72, 698.11, 141820, 143771, 98, 33
2, NVIDIA H200, 72, 694.59, 141820, 143771, 98, 34
3, NVIDIA H200, 64, 695.18, 141820, 143771, 98, 33
4, NVIDIA H200, 64, 691.91, 141820, 143771, 98, 33
5, NVIDIA H200, 71, 693.42, 141820, 143771, 98, 33
6, NVIDIA H200, 70, 695.37, 141820, 143771, 98, 33
7, NVIDIA H200, 64, 693.20, 141820, 143771, 98, 33
2026-09-04T21:14:15+00:00
0, NVIDIA H200, 62, 694.18, 141820, 143771, 98, 33
1, NVIDIA H200, 72, 693.27, 141820, 143771, 98, 33
2, NVIDIA H200, 72, 692.81, 141820, 143771, 98, 33
3, NVIDIA H200, 64, 695.08, 141820, 143771, 98, 33
4, NVIDIA H200, 64, 693.41, 141820, 143771, 98, 33
5, NVIDIA H200, 71, 694.35, 141820, 143771, 98, 33
6, NVIDIA H200, 70, 694.80, 141820, 143771, 98, 33
7, NVIDIA H200, 64, 694.10, 141820, 143771, 98, 33
2026-09-04T21:14:20+00:00
0, NVIDIA H200, 63, 692.71, 141820, 143771, 98, 33
1, NVIDIA H200, 72, 694.91, 141820, 143771, 98, 33
2, NVIDIA H200, 72, 693.29, 141820, 143771, 98, 34
3, NVIDIA H200, 64, 692.64, 141820, 143771, 98, 33
4, NVIDIA H200, 64, 692.51, 141820, 143771, 98, 33
5, NVIDIA H200, 71, 694.20, 141820, 143771, 98, 33
6, NVIDIA H200, 70, 694.30, 141820, 143771, 98, 33
7, NVIDIA H200, 63, 695.06, 141820, 143771, 98, 33
2026-09-04T21:14:25+00:00
0, NVIDIA H200, 62, 692.24, 141820, 143771, 98, 33
1, NVIDIA H200, 73, 691.82, 141820, 143771, 98, 34
2, NVIDIA H200, 72, 691.70, 141820, 143771, 98, 34
3, NVIDIA H200, 64, 691.17, 141820, 143771, 98, 33
4, NVIDIA H200, 64, 692.78, 141820, 143771, 98, 33
5, NVIDIA H200, 71, 693.43, 141820, 143771, 98, 34
6, NVIDIA H200, 70, 694.77, 141820, 143771, 98, 33
7, NVIDIA H200, 64, 696.34, 141820, 143771, 98, 33
2026-09-04T21:14:30+00:00
0, NVIDIA H200, 62, 691.53, 141820, 143771, 98, 33
1, NVIDIA H200, 72, 692.33, 141820, 143771, 98, 33
2, NVIDIA H200, 72, 691.77, 141820, 143771, 98, 33
3, NVIDIA H200, 64, 691.65, 141820, 143771, 98, 34
4, NVIDIA H200, 63, 692.44, 141820, 143771, 98, 33
5, NVIDIA H200, 71, 694.57, 141820, 143771, 98, 33
6, NVIDIA H200, 70, 695.90, 141820, 143771, 98, 34
7, NVIDIA H200, 63, 694.98, 141820, 143771, 98, 33
2026-09-04T21:14:36+00:00
0, NVIDIA H200, 62, 693.09, 141820, 143771, 98, 33
1, NVIDIA H200, 72, 693.48, 141820, 143771, 98, 33
2, NVIDIA H200, 72, 691.68, 141820, 143771, 98, 33
3, NVIDIA H200, 64, 691.35, 141820, 143771, 98, 33
4, NVIDIA H200, 63, 695.65, 141820, 143771, 98, 33
5, NVIDIA H200, 71, 693.99, 141820, 143771, 98, 33
6, NVIDIA H200, 70, 694.52, 141820, 143771, 97, 33
7, NVIDIA H200, 64, 695.56, 141820, 143771, 98, 33
2026-09-04T21:14:41+00:00
0, NVIDIA H200, 63, 687.26, 141820, 143771, 98, 30
1, NVIDIA H200, 70, 692.57, 141820, 143771, 98, 34
2, NVIDIA H200, 72, 690.25, 141820, 143771, 98, 34
3, NVIDIA H200, 63, 687.60, 141820, 143771, 98, 31
4, NVIDIA H200, 62, 684.39, 141820, 143771, 98, 34
5, NVIDIA H200, 70, 685.05, 141820, 143771, 98, 34
6, NVIDIA H200, 71, 691.67, 141820, 143771, 98, 29
7, NVIDIA H200, 63, 687.04, 141820, 143771, 98, 34
2026-09-04T21:14:46+00:00
0, NVIDIA H200, 62, 652.48, 141820, 143771, 98, 29
1, NVIDIA H200, 72, 671.94, 141820, 143771, 98, 28
2, NVIDIA H200, 69, 641.04, 141820, 143771, 98, 27
3, NVIDIA H200, 61, 640.48, 141820, 143771, 98, 28
4, NVIDIA H200, 61, 628.65, 141820, 143771, 98, 30
5, NVIDIA H200, 69, 635.77, 141820, 143771, 98, 31
6, NVIDIA H200, 69, 652.64, 141820, 143771, 98, 27
7, NVIDIA H200, 60, 630.30, 141820, 143771, 98, 28
2026-09-04T21:14:51+00:00
0, NVIDIA H200, 57, 573.47, 141820, 143771, 98, 24
1, NVIDIA H200, 68, 587.84, 141820, 143771, 98, 22
2, NVIDIA H200, 68, 547.15, 141820, 143771, 99, 22
3, NVIDIA H200, 59, 550.43, 141820, 143771, 98, 22
4, NVIDIA H200, 58, 550.04, 141820, 143771, 99, 26
5, NVIDIA H200, 67, 545.03, 141820, 143771, 99, 25
6, NVIDIA H200, 64, 551.43, 141820, 143771, 99, 26
7, NVIDIA H200, 58, 543.14, 141820, 143771, 98, 24
2026-09-04T21:14:56+00:00
0, NVIDIA H200, 61, 693.61, 141820, 143771, 98, 33
1, NVIDIA H200, 72, 692.84, 141820, 143771, 98, 33
2, NVIDIA H200, 71, 695.73, 141820, 143771, 98, 33
3, NVIDIA H200, 63, 695.16, 141820, 143771, 98, 33
4, NVIDIA H200, 63, 696.08, 141820, 143771, 98, 33
5, NVIDIA H200, 70, 690.59, 141820, 143771, 98, 33
6, NVIDIA H200, 69, 695.68, 141820, 143771, 98, 33
7, NVIDIA H200, 63, 692.28, 141820, 143771, 98, 33
2026-09-04T21:15:02+00:00
0, NVIDIA H200, 62, 691.54, 141820, 143771, 98, 33
1, NVIDIA H200, 72, 693.41, 141820, 143771, 98, 33
2, NVIDIA H200, 71, 695.00, 141820, 143771, 98, 33
3, NVIDIA H200, 64, 693.42, 141820, 143771, 98, 33
4, NVIDIA H200, 63, 694.11, 141820, 143771, 98, 33
5, NVIDIA H200, 70, 694.10, 141820, 143771, 98, 33
6, NVIDIA H200, 69, 692.96, 141820, 143771, 98, 33
7, NVIDIA H200, 63, 694.18, 141820, 143771, 98, 33
2026-09-04T21:15:07+00:00
0, NVIDIA H200, 62, 696.10, 141820, 143771, 98, 34
1, NVIDIA H200, 72, 695.25, 141820, 143771, 98, 34
2, NVIDIA H200, 72, 695.13, 141820, 143771, 98, 34
3, NVIDIA H200, 64, 693.66, 141820, 143771, 98, 34
4, NVIDIA H200, 63, 691.84, 141820, 143771, 98, 34
5, NVIDIA H200, 70, 692.90, 141820, 143771, 98, 33
6, NVIDIA H200, 70, 694.19, 141820, 143771, 98, 33
7, NVIDIA H200, 63, 694.03, 141820, 143771, 98, 33
2026-09-04T21:15:12+00:00
0, NVIDIA H200, 62, 693.37, 141820, 143771, 98, 33
1, NVIDIA H200, 72, 693.92, 141820, 143771, 98, 33
2, NVIDIA H200, 72, 693.45, 141820, 143771, 98, 33
3, NVIDIA H200, 64, 693.88, 141820, 143771, 98, 33
4, NVIDIA H200, 63, 693.94, 141820, 143771, 98, 33
5, NVIDIA H200, 71, 693.88, 141820, 143771, 98, 33
6, NVIDIA H200, 70, 695.83, 141820, 143771, 98, 33
7, NVIDIA H200, 63, 694.12, 141820, 143771, 98, 33
2026-09-04T21:15:17+00:00
0, NVIDIA H200, 62, 693.33, 141820, 143771, 98, 33
1, NVIDIA H200, 72, 692.73, 141820, 143771, 98, 33
2, NVIDIA H200, 72, 693.64, 141820, 143771, 98, 33
3, NVIDIA H200, 64, 691.67, 141820, 143771, 98, 33
4, NVIDIA H200, 64, 693.27, 141820, 143771, 98, 33
5, NVIDIA H200, 71, 693.51, 141820, 143771, 98, 33
6, NVIDIA H200, 70, 693.75, 141820, 143771, 98, 33
7, NVIDIA H200, 63, 693.08, 141820, 143771, 98, 33
2026-09-04T21:15:22+00:00
0, NVIDIA H200, 62, 691.54, 141820, 143771, 98, 34
1, NVIDIA H200, 72, 694.16, 141820, 143771, 98, 34
2, NVIDIA H200, 72, 693.08, 141820, 143771, 98, 33
3, NVIDIA H200, 64, 692.95, 141820, 143771, 98, 34
4, NVIDIA H200, 63, 693.14, 141820, 143771, 98, 34
5, NVIDIA H200, 71, 692.80, 141820, 143771, 98, 33
6, NVIDIA H200, 70, 694.01, 141820, 143771, 98, 34
7, NVIDIA H200, 63, 693.59, 141820, 143771, 98, 34
2026-09-04T21:15:28+00:00
0, NVIDIA H200, 62, 693.44, 141820, 143771, 98, 34
1, NVIDIA H200, 72, 695.99, 141820, 143771, 98, 34
2, NVIDIA H200, 72, 691.76, 141820, 143771, 98, 34
3, NVIDIA H200, 64, 694.76, 141820, 143771, 98, 34
4, NVIDIA H200, 64, 693.54, 141820, 143771, 98, 33
5, NVIDIA H200, 71, 694.04, 141820, 143771, 98, 33
6, NVIDIA H200, 70, 693.48, 141820, 143771, 98, 34
7, NVIDIA H200, 64, 696.55, 141820, 143771, 98, 33
2026-09-04T21:15:33+00:00
0, NVIDIA H200, 63, 693.67, 141820, 143771, 98, 33
1, NVIDIA H200, 72, 696.21, 141820, 143771, 98, 33
2, NVIDIA H200, 72, 695.84, 141820, 143771, 98, 34
3, NVIDIA H200, 64, 692.97, 141820, 143771, 98, 33
4, NVIDIA H200, 63, 695.06, 141820, 143771, 98, 33
5, NVIDIA H200, 71, 691.79, 141820, 143771, 98, 33
6, NVIDIA H200, 70, 693.60, 141820, 143771, 98, 33
7, NVIDIA H200, 64, 692.76, 141820, 143771, 98, 34
2026-09-04T21:15:38+00:00
0, NVIDIA H200, 62, 693.71, 141820, 143771, 98, 33
1, NVIDIA H200, 73, 696.92, 141820, 143771, 98, 33
2, NVIDIA H200, 72, 695.14, 141820, 143771, 98, 33
3, NVIDIA H200, 64, 696.73, 141820, 143771, 98, 33
4, NVIDIA H200, 64, 696.10, 141820, 143771, 98, 33
5, NVIDIA H200, 71, 694.20, 141820, 143771, 98, 34
6, NVIDIA H200, 70, 695.27, 141820, 143771, 98, 34
7, NVIDIA H200, 64, 695.13, 141820, 143771, 98, 34
2026-09-04T21:15:43+00:00
0, NVIDIA H200, 62, 694.28, 141820, 143771, 98, 34
1, NVIDIA H200, 72, 695.10, 141820, 143771, 98, 33
2, NVIDIA H200, 72, 694.36, 141820, 143771, 98, 33
3, NVIDIA H200, 64, 696.94, 141820, 143771, 98, 34
4, NVIDIA H200, 64, 692.73, 141820, 143771, 98, 33
5, NVIDIA H200, 71, 695.55, 141820, 143771, 98, 34
6, NVIDIA H200, 70, 693.86, 141820, 143771, 98, 34
7, NVIDIA H200, 64, 694.46, 141820, 143771, 98, 34
2026-09-04T21:15:49+00:00
0, NVIDIA H200, 62, 695.56, 141820, 143771, 98, 33
1, NVIDIA H200, 72, 694.23, 141820, 143771, 98, 33
2, NVIDIA H200, 72, 693.17, 141820, 143771, 98, 33
3, NVIDIA H200, 64, 693.85, 141820, 143771, 98, 33
4, NVIDIA H200, 64, 693.38, 141820, 143771, 98, 33
5, NVIDIA H200, 71, 695.90, 141820, 143771, 98, 33
6, NVIDIA H200, 71, 696.13, 141820, 143771, 98, 33
7, NVIDIA H200, 64, 694.05, 141820, 143771, 98, 33
2026-09-04T21:15:54+00:00
0, NVIDIA H200, 62, 693.32, 141820, 143771, 98, 33
1, NVIDIA H200, 72, 694.69, 141820, 143771, 98, 34
2, NVIDIA H200, 72, 691.39, 141820, 143771, 98, 34
3, NVIDIA H200, 64, 692.57, 141820, 143771, 98, 34
4, NVIDIA H200, 63, 693.09, 141820, 143771, 98, 34
5, NVIDIA H200, 71, 693.73, 141820, 143771, 98, 34
6, NVIDIA H200, 70, 693.39, 141820, 143771, 98, 34
7, NVIDIA H200, 64, 693.82, 141820, 143771, 98, 33
2026-09-04T21:15:59+00:00
0, NVIDIA H200, 62, 695.19, 141820, 143771, 98, 34
1, NVIDIA H200, 72, 695.51, 141820, 143771, 98, 34
2, NVIDIA H200, 72, 694.16, 141820, 143771, 98, 33
3, NVIDIA H200, 64, 693.30, 141820, 143771, 98, 34
4, NVIDIA H200, 64, 692.91, 141820, 143771, 98, 34
5, NVIDIA H200, 71, 694.05, 141820, 143771, 98, 34
6, NVIDIA H200, 71, 693.31, 141820, 143771, 98, 33
7, NVIDIA H200, 64, 696.74, 141820, 143771, 98, 34
2026-09-04T21:16:04+00:00
0, NVIDIA H200, 62, 693.78, 141820, 143771, 97, 33
1, NVIDIA H200, 72, 694.55, 141820, 143771, 98, 33
2, NVIDIA H200, 72, 694.84, 141820, 143771, 98, 33
3, NVIDIA H200, 64, 693.75, 141820, 143771, 98, 33
4, NVIDIA H200, 64, 694.17, 141820, 143771, 98, 33
5, NVIDIA H200, 71, 691.18, 141820, 143771, 98, 33
6, NVIDIA H200, 70, 694.81, 141820, 143771, 98, 33
7, NVIDIA H200, 64, 695.23, 141820, 143771, 98, 34
2026-09-04T21:16:09+00:00
0, NVIDIA H200, 62, 695.23, 141820, 143771, 97, 33
1, NVIDIA H200, 73, 693.53, 141820, 143771, 97, 34
2, NVIDIA H200, 72, 692.73, 141820, 143771, 98, 33
3, NVIDIA H200, 64, 691.71, 141820, 143771, 98, 34
4, NVIDIA H200, 64, 694.96, 141820, 143771, 98, 34
5, NVIDIA H200, 71, 693.92, 141820, 143771, 98, 33
6, NVIDIA H200, 70, 694.19, 141820, 143771, 98, 33
7, NVIDIA H200, 64, 693.42, 141820, 143771, 98, 34
2026-09-04T21:16:15+00:00
0, NVIDIA H200, 62, 691.81, 141820, 143771, 98, 34
1, NVIDIA H200, 72, 692.90, 141820, 143771, 98, 33
2, NVIDIA H200, 72, 692.62, 141820, 143771, 98, 34
3, NVIDIA H200, 64, 690.40, 141820, 143771, 98, 33
4, NVIDIA H200, 63, 690.51, 141820, 143771, 98, 33
5, NVIDIA H200, 71, 693.28, 141820, 143771, 98, 33
6, NVIDIA H200, 70, 691.04, 141820, 143771, 98, 33
7, NVIDIA H200, 64, 692.57, 141820, 143771, 98, 33
2026-09-04T21:16:20+00:00
0, NVIDIA H200, 63, 693.34, 141820, 143771, 97, 34
1, NVIDIA H200, 73, 694.78, 141820, 143771, 98, 33
2, NVIDIA H200, 72, 694.17, 141820, 143771, 98, 34
3, NVIDIA H200, 64, 694.84, 141820, 143771, 98, 33
4, NVIDIA H200, 64, 692.36, 141820, 143771, 98, 33
5, NVIDIA H200, 71, 693.70, 141820, 143771, 98, 34
6, NVIDIA H200, 70, 693.59, 141820, 143771, 98, 33
7, NVIDIA H200, 64, 694.25, 141820, 143771, 98, 34
2026-09-04T21:16:25+00:00
0, NVIDIA H200, 62, 691.99, 141820, 143771, 98, 33
1, NVIDIA H200, 73, 696.08, 141820, 143771, 98, 34
2, NVIDIA H200, 72, 694.18, 141820, 143771, 98, 34
3, NVIDIA H200, 64, 694.48, 141820, 143771, 98, 34
4, NVIDIA H200, 64, 695.44, 141820, 143771, 98, 34
5, NVIDIA H200, 71, 696.44, 141820, 143771, 98, 34
6, NVIDIA H200, 70, 693.88, 141820, 143771, 98, 33
7, NVIDIA H200, 64, 693.32, 141820, 143771, 98, 34
2026-09-04T21:16:30+00:00
0, NVIDIA H200, 62, 674.87, 141820, 143771, 98, 26
1, NVIDIA H200, 71, 687.75, 141820, 143771, 98, 28
2, NVIDIA H200, 71, 665.22, 141820, 143771, 98, 29
3, NVIDIA H200, 64, 664.09, 141820, 143771, 98, 30
4, NVIDIA H200, 62, 663.08, 141820, 143771, 98, 30
5, NVIDIA H200, 71, 669.55, 141820, 143771, 98, 28
6, NVIDIA H200, 71, 677.08, 141820, 143771, 99, 29
7, NVIDIA H200, 62, 657.73, 141820, 143771, 98, 28
2026-09-04T21:16:36+00:00
0, NVIDIA H200, 60, 612.40, 141820, 143771, 98, 31
1, NVIDIA H200, 69, 618.32, 141820, 143771, 98, 24
2, NVIDIA H200, 70, 597.29, 141820, 143771, 98, 26
3, NVIDIA H200, 60, 609.84, 141820, 143771, 98, 24
4, NVIDIA H200, 61, 594.63, 141820, 143771, 99, 27
5, NVIDIA H200, 67, 588.76, 141820, 143771, 99, 26
6, NVIDIA H200, 66, 621.84, 141820, 143771, 98, 24
7, NVIDIA H200, 59, 583.88, 141820, 143771, 99, 28
2026-09-04T21:16:41+00:00
0, NVIDIA H200, 60, 603.87, 141820, 143771, 98, 31
1, NVIDIA H200, 72, 622.43, 141820, 143771, 98, 32
2, NVIDIA H200, 69, 596.51, 141820, 143771, 98, 33
3, NVIDIA H200, 61, 602.16, 141820, 143771, 98, 30
4, NVIDIA H200, 60, 593.95, 141820, 143771, 98, 30
5, NVIDIA H200, 68, 593.02, 141820, 143771, 98, 30
6, NVIDIA H200, 68, 600.01, 141820, 143771, 98, 31
7, NVIDIA H200, 60, 582.03, 141820, 143771, 98, 29
2026-09-04T21:16:46+00:00
0, NVIDIA H200, 62, 696.82, 141820, 143771, 98, 33
1, NVIDIA H200, 72, 696.30, 141820, 143771, 98, 33
2, NVIDIA H200, 72, 696.27, 141820, 143771, 98, 33
3, NVIDIA H200, 63, 694.40, 141820, 143771, 98, 33
4, NVIDIA H200, 63, 696.37, 141820, 143771, 98, 34
5, NVIDIA H200, 70, 690.75, 141820, 143771, 98, 33
6, NVIDIA H200, 70, 696.61, 141820, 143771, 98, 33
7, NVIDIA H200, 63, 697.65, 141820, 143771, 98, 33
2026-09-04T21:16:51+00:00
0, NVIDIA H200, 62, 692.97, 141820, 143771, 98, 34
1, NVIDIA H200, 73, 694.49, 141820, 143771, 98, 34
2, NVIDIA H200, 72, 693.76, 141820, 143771, 98, 34
3, NVIDIA H200, 64, 692.26, 141820, 143771, 98, 34
4, NVIDIA H200, 63, 695.25, 141820, 143771, 98, 34
5, NVIDIA H200, 70, 692.61, 141820, 143771, 98, 34
6, NVIDIA H200, 70, 693.99, 141820, 143771, 98, 34
7, NVIDIA H200, 63, 694.36, 141820, 143771, 98, 33
2026-09-04T21:16:57+00:00
0, NVIDIA H200, 63, 696.48, 141820, 143771, 98, 33
1, NVIDIA H200, 72, 695.91, 141820, 143771, 98, 33
2, NVIDIA H200, 72, 694.62, 141820, 143771, 98, 33
3, NVIDIA H200, 64, 693.32, 141820, 143771, 98, 33
4, NVIDIA H200, 64, 691.75, 141820, 143771, 98, 33
5, NVIDIA H200, 71, 692.99, 141820, 143771, 98, 33
6, NVIDIA H200, 70, 693.48, 141820, 143771, 98, 33
7, NVIDIA H200, 63, 693.53, 141820, 143771, 98, 33
2026-09-04T21:17:02+00:00
0, NVIDIA H200, 63, 692.40, 141820, 143771, 98, 33
1, NVIDIA H200, 72, 693.97, 141820, 143771, 98, 33
2, NVIDIA H200, 72, 691.32, 141820, 143771, 98, 33
3, NVIDIA H200, 64, 689.16, 141820, 143771, 98, 33
4, NVIDIA H200, 64, 692.87, 141820, 143771, 98, 33
5, NVIDIA H200, 71, 694.73, 141820, 143771, 98, 33
6, NVIDIA H200, 70, 692.97, 141820, 143771, 98, 33
7, NVIDIA H200, 64, 692.73, 141820, 143771, 98, 33
2026-09-04T21:17:07+00:00
0, NVIDIA H200, 63, 693.64, 141820, 143771, 98, 33
1, NVIDIA H200, 72, 696.06, 141820, 143771, 98, 33
2, NVIDIA H200, 72, 692.93, 141820, 143771, 98, 33
3, NVIDIA H200, 64, 696.15, 141820, 143771, 98, 33
4, NVIDIA H200, 64, 694.16, 141820, 143771, 98, 33
5, NVIDIA H200, 71, 693.43, 141820, 143771, 98, 33
6, NVIDIA H200, 70, 692.35, 141820, 143771, 98, 33
7, NVIDIA H200, 63, 693.03, 141820, 143771, 98, 33
2026-09-04T21:17:12+00:00
0, NVIDIA H200, 62, 692.41, 141820, 143771, 98, 33
1, NVIDIA H200, 72, 694.93, 141820, 143771, 98, 33
2, NVIDIA H200, 72, 693.33, 141820, 143771, 98, 33
3, NVIDIA H200, 64, 694.79, 141820, 143771, 98, 33
4, NVIDIA H200, 63, 691.91, 141820, 143771, 98, 34
5, NVIDIA H200, 71, 694.90, 141820, 143771, 98, 34
6, NVIDIA H200, 69, 692.77, 141820, 143771, 98, 33
7, NVIDIA H200, 64, 689.01, 141820, 143771, 98, 33
2026-09-04T21:17:17+00:00
0, NVIDIA H200, 62, 694.68, 141820, 143771, 98, 33
1, NVIDIA H200, 72, 691.50, 141820, 143771, 98, 34
2, NVIDIA H200, 72, 693.94, 141820, 143771, 98, 34
3, NVIDIA H200, 64, 694.86, 141820, 143771, 98, 34
4, NVIDIA H200, 64, 695.49, 141820, 143771, 98, 34
5, NVIDIA H200, 71, 693.49, 141820, 143771, 98, 34
6, NVIDIA H200, 70, 693.34, 141820, 143771, 98, 33
7, NVIDIA H200, 64, 692.89, 141820, 143771, 98, 34
2026-09-04T21:17:23+00:00
0, NVIDIA H200, 62, 694.25, 141820, 143771, 98, 33
1, NVIDIA H200, 72, 695.25, 141820, 143771, 98, 34
2, NVIDIA H200, 72, 694.99, 141820, 143771, 98, 34
3, NVIDIA H200, 64, 693.58, 141820, 143771, 98, 34
4, NVIDIA H200, 63, 693.21, 141820, 143771, 98, 34
5, NVIDIA H200, 71, 694.35, 141820, 143771, 98, 34
6, NVIDIA H200, 70, 692.65, 141820, 143771, 98, 33
7, NVIDIA H200, 64, 693.19, 141820, 143771, 98, 34
2026-09-04T21:17:28+00:00
0, NVIDIA H200, 62, 693.38, 141820, 143771, 98, 33
1, NVIDIA H200, 72, 693.72, 141820, 143771, 98, 33
2, NVIDIA H200, 72, 694.03, 141820, 143771, 98, 33
3, NVIDIA H200, 64, 695.08, 141820, 143771, 98, 33
4, NVIDIA H200, 64, 691.95, 141820, 143771, 98, 33
5, NVIDIA H200, 71, 693.76, 141820, 143771, 98, 33
6, NVIDIA H200, 71, 695.66, 141820, 143771, 98, 33
7, NVIDIA H200, 64, 695.66, 141820, 143771, 98, 33
2026-09-04T21:17:33+00:00
0, NVIDIA H200, 62, 692.69, 141820, 143771, 98, 33
1, NVIDIA H200, 72, 694.37, 141820, 143771, 98, 34
2, NVIDIA H200, 72, 692.00, 141820, 143771, 98, 33
3, NVIDIA H200, 64, 692.40, 141820, 143771, 98, 33
4, NVIDIA H200, 64, 693.93, 141820, 143771, 98, 33
5, NVIDIA H200, 71, 692.48, 141820, 143771, 98, 33
6, NVIDIA H200, 70, 695.61, 141820, 143771, 98, 34
7, NVIDIA H200, 63, 693.22, 141820, 143771, 98, 33
2026-09-04T21:17:38+00:00
0, NVIDIA H200, 62, 693.44, 141820, 143771, 98, 34
1, NVIDIA H200, 72, 693.64, 141820, 143771, 98, 33
2, NVIDIA H200, 72, 692.28, 141820, 143771, 98, 34
3, NVIDIA H200, 64, 693.46, 141820, 143771, 98, 33
4, NVIDIA H200, 64, 692.93, 141820, 143771, 98, 34
5, NVIDIA H200, 71, 696.48, 141820, 143771, 98, 34
6, NVIDIA H200, 70, 694.18, 141820, 143771, 98, 33
7, NVIDIA H200, 64, 692.74, 141820, 143771, 98, 34
2026-09-04T21:17:44+00:00
0, NVIDIA H200, 62, 695.88, 141820, 143771, 98, 33
1, NVIDIA H200, 72, 696.48, 141820, 143771, 98, 33
2, NVIDIA H200, 72, 695.78, 141820, 143771, 98, 33
3, NVIDIA H200, 64, 696.21, 141820, 143771, 98, 33
4, NVIDIA H200, 64, 692.89, 141820, 143771, 98, 33
5, NVIDIA H200, 71, 693.91, 141820, 143771, 98, 33
6, NVIDIA H200, 70, 693.50, 141820, 143771, 98, 33
7, NVIDIA H200, 64, 694.71, 141820, 143771, 98, 33
2026-09-04T21:17:49+00:00
0, NVIDIA H200, 50, 214.60, 141820, 143771, 80, 14
1, NVIDIA H200, 60, 225.21, 141820, 143771, 80, 14
2, NVIDIA H200, 59, 217.77, 141820, 143771, 81, 15
3, NVIDIA H200, 51, 215.20, 141820, 143771, 81, 14
4, NVIDIA H200, 50, 209.05, 141820, 143771, 82, 14
5, NVIDIA H200, 58, 217.43, 141820, 143771, 82, 14
6, NVIDIA H200, 57, 224.72, 141820, 143771, 82, 14
7, NVIDIA H200, 51, 218.81, 141820, 143771, 82, 14
2026-09-04T21:17:54+00:00
0, NVIDIA H200, 60, 696.54, 141820, 143771, 100, 36
1, NVIDIA H200, 70, 696.84, 141820, 143771, 100, 35
2, NVIDIA H200, 69, 695.54, 141820, 143771, 100, 35
3, NVIDIA H200, 62, 695.89, 141820, 143771, 100, 36
4, NVIDIA H200, 62, 691.62, 141820, 143771, 100, 37
5, NVIDIA H200, 69, 694.56, 141820, 143771, 100, 33
6, NVIDIA H200, 68, 691.33, 141820, 143771, 100, 36
7, NVIDIA H200, 62, 693.39, 141820, 143771, 100, 37
2026-09-04T21:17:59+00:00
0, NVIDIA H200, 62, 692.06, 141820, 143771, 98, 33
1, NVIDIA H200, 71, 695.23, 141820, 143771, 98, 34
2, NVIDIA H200, 71, 692.64, 141820, 143771, 98, 33
3, NVIDIA H200, 64, 695.82, 141820, 143771, 98, 34
4, NVIDIA H200, 63, 692.76, 141820, 143771, 98, 34
5, NVIDIA H200, 70, 691.07, 141820, 143771, 98, 33
6, NVIDIA H200, 69, 692.04, 141820, 143771, 98, 33
7, NVIDIA H200, 63, 689.39, 141820, 143771, 98, 33
2026-09-04T21:18:05+00:00
0, NVIDIA H200, 61, 521.63, 141820, 143771, 98, 34
1, NVIDIA H200, 71, 524.63, 141820, 143771, 97, 34
2, NVIDIA H200, 70, 508.63, 141820, 143771, 98, 34
3, NVIDIA H200, 62, 522.23, 141820, 143771, 98, 34
4, NVIDIA H200, 62, 500.32, 141820, 143771, 98, 34
5, NVIDIA H200, 69, 532.55, 141820, 143771, 98, 34
6, NVIDIA H200, 69, 542.95, 141820, 143771, 98, 34
7, NVIDIA H200, 62, 524.35, 141820, 143771, 98, 34
2026-09-04T21:18:10+00:00
0, NVIDIA H200, 62, 693.79, 141820, 143771, 98, 34
1, NVIDIA H200, 71, 695.68, 141820, 143771, 98, 34
2, NVIDIA H200, 71, 693.98, 141820, 143771, 98, 34
3, NVIDIA H200, 63, 693.48, 141820, 143771, 98, 34
4, NVIDIA H200, 63, 691.77, 141820, 143771, 98, 34
5, NVIDIA H200, 70, 694.72, 141820, 143771, 98, 33
6, NVIDIA H200, 69, 692.75, 141820, 143771, 98, 34
7, NVIDIA H200, 63, 690.03, 141820, 143771, 98, 33
2026-09-04T21:18:15+00:00
0, NVIDIA H200, 61, 694.23, 141820, 143771, 98, 32
1, NVIDIA H200, 71, 697.53, 141820, 143771, 98, 32
2, NVIDIA H200, 70, 697.60, 141820, 143771, 98, 32
3, NVIDIA H200, 63, 695.19, 141820, 143771, 98, 32
4, NVIDIA H200, 63, 694.21, 141820, 143771, 98, 34
5, NVIDIA H200, 70, 696.43, 141820, 143771, 98, 33
6, NVIDIA H200, 69, 696.74, 141820, 143771, 98, 32
7, NVIDIA H200, 63, 692.70, 141820, 143771, 98, 33
2026-09-04T21:18:20+00:00
0, NVIDIA H200, 62, 584.05, 141820, 143771, 98, 34
1, NVIDIA H200, 71, 632.65, 141820, 143771, 98, 34
2, NVIDIA H200, 71, 616.62, 141820, 143771, 98, 34
3, NVIDIA H200, 63, 623.16, 141820, 143771, 98, 34
4, NVIDIA H200, 63, 605.65, 141820, 143771, 98, 34
5, NVIDIA H200, 70, 575.97, 141820, 143771, 98, 34
6, NVIDIA H200, 70, 600.78, 141820, 143771, 98, 34
7, NVIDIA H200, 63, 592.50, 141820, 143771, 98, 34
2026-09-04T21:18:25+00:00
0, NVIDIA H200, 62, 693.29, 141820, 143771, 98, 33
1, NVIDIA H200, 71, 693.38, 141820, 143771, 98, 33
2, NVIDIA H200, 71, 693.64, 141820, 143771, 98, 33
3, NVIDIA H200, 63, 693.04, 141820, 143771, 98, 33
4, NVIDIA H200, 63, 694.37, 141820, 143771, 98, 33
5, NVIDIA H200, 70, 693.08, 141820, 143771, 98, 33
6, NVIDIA H200, 69, 692.51, 141820, 143771, 98, 33
7, NVIDIA H200, 63, 691.92, 141820, 143771, 98, 33
2026-09-04T21:18:31+00:00
0, NVIDIA H200, 62, 693.75, 141820, 143771, 97, 33
1, NVIDIA H200, 71, 691.98, 141820, 143771, 98, 34
2, NVIDIA H200, 71, 695.57, 141820, 143771, 98, 34
3, NVIDIA H200, 63, 696.98, 141820, 143771, 98, 34
4, NVIDIA H200, 63, 692.66, 141820, 143771, 98, 34
5, NVIDIA H200, 70, 693.98, 141820, 143771, 98, 34
6, NVIDIA H200, 69, 694.68, 141820, 143771, 98, 33
7, NVIDIA H200, 63, 693.62, 141820, 143771, 98, 34
2026-09-04T21:18:36+00:00
0, NVIDIA H200, 62, 644.41, 141820, 143771, 98, 34
1, NVIDIA H200, 72, 659.82, 141820, 143771, 98, 34
2, NVIDIA H200, 71, 643.79, 141820, 143771, 98, 34
3, NVIDIA H200, 63, 626.63, 141820, 143771, 98, 34
4, NVIDIA H200, 63, 616.56, 141820, 143771, 98, 34
5, NVIDIA H200, 70, 636.85, 141820, 143771, 98, 34
6, NVIDIA H200, 70, 662.21, 141820, 143771, 98, 34
7, NVIDIA H200, 63, 650.00, 141820, 143771, 98, 34
2026-09-04T21:18:41+00:00
0, NVIDIA H200, 61, 690.54, 141820, 143771, 98, 33
1, NVIDIA H200, 71, 693.08, 141820, 143771, 98, 33
2, NVIDIA H200, 71, 693.82, 141820, 143771, 98, 33
3, NVIDIA H200, 63, 693.91, 141820, 143771, 98, 33
4, NVIDIA H200, 63, 692.70, 141820, 143771, 98, 33
5, NVIDIA H200, 70, 694.15, 141820, 143771, 98, 33
6, NVIDIA H200, 69, 696.48, 141820, 143771, 98, 33
7, NVIDIA H200, 63, 692.59, 141820, 143771, 98, 33
2026-09-04T21:18:46+00:00
0, NVIDIA H200, 62, 697.20, 141820, 143771, 98, 34
1, NVIDIA H200, 72, 694.70, 141820, 143771, 98, 34
2, NVIDIA H200, 71, 694.38, 141820, 143771, 98, 34
3, NVIDIA H200, 63, 693.57, 141820, 143771, 98, 34
4, NVIDIA H200, 63, 693.78, 141820, 143771, 98, 34
5, NVIDIA H200, 70, 693.36, 141820, 143771, 98, 34
6, NVIDIA H200, 70, 695.31, 141820, 143771, 98, 34
7, NVIDIA H200, 63, 694.59, 141820, 143771, 98, 34
2026-09-04T21:18:52+00:00
0, NVIDIA H200, 61, 480.62, 141820, 143771, 98, 34
1, NVIDIA H200, 71, 506.34, 141820, 143771, 98, 35
2, NVIDIA H200, 70, 512.84, 141820, 143771, 98, 35
3, NVIDIA H200, 62, 505.25, 141820, 143771, 98, 34
4, NVIDIA H200, 62, 496.24, 141820, 143771, 98, 34
5, NVIDIA H200, 69, 488.05, 141820, 143771, 98, 34
6, NVIDIA H200, 68, 490.91, 141820, 143771, 98, 34
7, NVIDIA H200, 62, 494.05, 141820, 143771, 98, 34
2026-09-04T21:18:57+00:00
0, NVIDIA H200, 62, 687.61, 141820, 143771, 98, 34
1, NVIDIA H200, 72, 692.77, 141820, 143771, 98, 34
2, NVIDIA H200, 71, 693.56, 141820, 143771, 98, 34
3, NVIDIA H200, 64, 693.08, 141820, 143771, 98, 34
4, NVIDIA H200, 63, 692.73, 141820, 143771, 98, 34
5, NVIDIA H200, 70, 693.29, 141820, 143771, 98, 34
6, NVIDIA H200, 70, 695.42, 141820, 143771, 98, 34
7, NVIDIA H200, 63, 694.40, 141820, 143771, 98, 34
2026-09-04T21:19:02+00:00
0, NVIDIA H200, 62, 693.63, 141820, 143771, 98, 34
1, NVIDIA H200, 72, 697.18, 141820, 143771, 98, 34
2, NVIDIA H200, 71, 698.73, 141820, 143771, 98, 34
3, NVIDIA H200, 64, 693.64, 141820, 143771, 98, 34
4, NVIDIA H200, 63, 693.83, 141820, 143771, 98, 34
5, NVIDIA H200, 70, 692.83, 141820, 143771, 98, 35
6, NVIDIA H200, 70, 694.14, 141820, 143771, 98, 34
7, NVIDIA H200, 63, 694.26, 141820, 143771, 98, 35
2026-09-04T21:19:07+00:00
0, NVIDIA H200, 62, 695.33, 141820, 143771, 98, 34
1, NVIDIA H200, 72, 695.34, 141820, 143771, 98, 34
2, NVIDIA H200, 71, 695.86, 141820, 143771, 98, 34
3, NVIDIA H200, 64, 695.55, 141820, 143771, 98, 34
4, NVIDIA H200, 63, 694.53, 141820, 143771, 98, 33
5, NVIDIA H200, 70, 691.87, 141820, 143771, 98, 34
6, NVIDIA H200, 69, 691.89, 141820, 143771, 98, 34
7, NVIDIA H200, 63, 691.95, 141820, 143771, 98, 33
2026-09-04T21:19:13+00:00
0, NVIDIA H200, 60, 694.70, 141820, 143771, 98, 32
1, NVIDIA H200, 69, 697.34, 141820, 143771, 98, 32
2, NVIDIA H200, 70, 697.59, 141820, 143771, 98, 33
3, NVIDIA H200, 62, 697.02, 141820, 143771, 98, 32
4, NVIDIA H200, 62, 692.99, 141820, 143771, 98, 32
5, NVIDIA H200, 69, 693.14, 141820, 143771, 98, 32
6, NVIDIA H200, 68, 694.41, 141820, 143771, 98, 31
7, NVIDIA H200, 62, 695.71, 141820, 143771, 98, 32
2026-09-04T21:19:18+00:00
0, NVIDIA H200, 62, 696.33, 141820, 143771, 98, 33
1, NVIDIA H200, 72, 695.77, 141820, 143771, 98, 34
2, NVIDIA H200, 71, 694.68, 141820, 143771, 98, 34
3, NVIDIA H200, 64, 698.15, 141820, 143771, 98, 34
4, NVIDIA H200, 63, 694.98, 141820, 143771, 98, 34
5, NVIDIA H200, 70, 692.94, 141820, 143771, 98, 34
6, NVIDIA H200, 69, 696.20, 141820, 143771, 98, 34
7, NVIDIA H200, 63, 694.79, 141820, 143771, 98, 34
2026-09-04T21:19:23+00:00
0, NVIDIA H200, 62, 695.01, 141820, 143771, 98, 34
1, NVIDIA H200, 72, 694.73, 141820, 143771, 98, 34
2, NVIDIA H200, 71, 692.93, 141820, 143771, 98, 34
3, NVIDIA H200, 63, 697.87, 141820, 143771, 98, 34
4, NVIDIA H200, 63, 694.78, 141820, 143771, 98, 34
5, NVIDIA H200, 69, 691.93, 141820, 143771, 98, 34
6, NVIDIA H200, 70, 694.46, 141820, 143771, 98, 34
7, NVIDIA H200, 62, 696.76, 141820, 143771, 98, 34
2026-09-04T21:19:28+00:00
0, NVIDIA H200, 62, 693.71, 141820, 143771, 98, 34
1, NVIDIA H200, 72, 696.13, 141820, 143771, 98, 34
2, NVIDIA H200, 71, 694.80, 141820, 143771, 98, 34
3, NVIDIA H200, 64, 693.48, 141820, 143771, 98, 34
4, NVIDIA H200, 63, 691.49, 141820, 143771, 98, 34
5, NVIDIA H200, 70, 694.36, 141820, 143771, 98, 34
6, NVIDIA H200, 69, 691.93, 141820, 143771, 98, 34
7, NVIDIA H200, 63, 693.67, 141820, 143771, 98, 34
2026-09-04T21:19:33+00:00
0, NVIDIA H200, 62, 694.14, 141820, 143771, 98, 33
1, NVIDIA H200, 72, 694.20, 141820, 143771, 98, 33
2, NVIDIA H200, 72, 694.84, 141820, 143771, 98, 33
3, NVIDIA H200, 64, 695.42, 141820, 143771, 98, 33
4, NVIDIA H200, 63, 692.03, 141820, 143771, 98, 33
5, NVIDIA H200, 70, 692.09, 141820, 143771, 98, 33
6, NVIDIA H200, 69, 692.95, 141820, 143771, 98, 33
7, NVIDIA H200, 63, 693.63, 141820, 143771, 98, 33
2026-09-04T21:19:39+00:00
0, NVIDIA H200, 62, 690.28, 141820, 143771, 98, 34
1, NVIDIA H200, 71, 692.33, 141820, 143771, 98, 34
2, NVIDIA H200, 72, 691.35, 141820, 143771, 98, 34
3, NVIDIA H200, 64, 693.70, 141820, 143771, 98, 34
4, NVIDIA H200, 63, 693.62, 141820, 143771, 98, 34
5, NVIDIA H200, 70, 691.95, 141820, 143771, 98, 34
6, NVIDIA H200, 70, 690.80, 141820, 143771, 98, 34
7, NVIDIA H200, 63, 690.62, 141820, 143771, 98, 34
2026-09-04T21:19:44+00:00
0, NVIDIA H200, 62, 693.88, 141820, 143771, 98, 33
1, NVIDIA H200, 72, 695.32, 141820, 143771, 98, 33
2, NVIDIA H200, 71, 695.01, 141820, 143771, 98, 33
3, NVIDIA H200, 63, 694.90, 141820, 143771, 98, 33
4, NVIDIA H200, 63, 694.73, 141820, 143771, 98, 33
5, NVIDIA H200, 70, 693.84, 141820, 143771, 98, 33
6, NVIDIA H200, 69, 694.04, 141820, 143771, 98, 33
7, NVIDIA H200, 63, 694.42, 141820, 143771, 98, 33
2026-09-04T21:19:49+00:00
0, NVIDIA H200, 55, 477.92, 141820, 143771, 99, 24
1, NVIDIA H200, 66, 493.37, 141820, 143771, 99, 26
2, NVIDIA H200, 65, 470.19, 141820, 143771, 99, 24
3, NVIDIA H200, 57, 479.84, 141820, 143771, 99, 13
4, NVIDIA H200, 56, 454.36, 141820, 143771, 99, 18
5, NVIDIA H200, 63, 438.74, 141820, 143771, 99, 13
6, NVIDIA H200, 62, 471.19, 141820, 143771, 99, 18
7, NVIDIA H200, 56, 459.09, 141820, 143771, 100, 17
2026-09-04T21:19:54+00:00
0, NVIDIA H200, 61, 695.18, 141820, 143771, 98, 33
1, NVIDIA H200, 71, 692.07, 141820, 143771, 98, 33
2, NVIDIA H200, 71, 692.77, 141820, 143771, 98, 34
3, NVIDIA H200, 63, 692.88, 141820, 143771, 98, 33
4, NVIDIA H200, 63, 693.55, 141820, 143771, 98, 33
5, NVIDIA H200, 70, 694.16, 141820, 143771, 98, 33
6, NVIDIA H200, 68, 690.39, 141820, 143771, 98, 33
7, NVIDIA H200, 63, 693.99, 141820, 143771, 98, 32
2026-09-04T21:20:00+00:00
0, NVIDIA H200, 62, 693.20, 141820, 143771, 98, 34
1, NVIDIA H200, 72, 693.85, 141820, 143771, 98, 33
2, NVIDIA H200, 71, 694.07, 141820, 143771, 98, 33
3, NVIDIA H200, 64, 696.30, 141820, 143771, 98, 34
4, NVIDIA H200, 63, 693.17, 141820, 143771, 98, 33
5, NVIDIA H200, 70, 695.11, 141820, 143771, 98, 33
6, NVIDIA H200, 69, 694.66, 141820, 143771, 98, 34
7, NVIDIA H200, 63, 694.53, 141820, 143771, 98, 33
2026-09-04T21:20:05+00:00
0, NVIDIA H200, 62, 692.91, 141820, 143771, 98, 33
1, NVIDIA H200, 72, 693.33, 141820, 143771, 98, 34
2, NVIDIA H200, 71, 692.97, 141820, 143771, 98, 34
3, NVIDIA H200, 64, 693.40, 141820, 143771, 98, 34
4, NVIDIA H200, 63, 693.47, 141820, 143771, 98, 34
5, NVIDIA H200, 70, 694.86, 141820, 143771, 98, 34
6, NVIDIA H200, 70, 694.19, 141820, 143771, 98, 34
7, NVIDIA H200, 64, 695.25, 141820, 143771, 98, 34
2026-09-04T21:20:10+00:00
0, NVIDIA H200, 60, 697.95, 141820, 143771, 98, 34
1, NVIDIA H200, 69, 694.01, 141820, 143771, 98, 32
2, NVIDIA H200, 70, 689.75, 141820, 143771, 98, 30
3, NVIDIA H200, 62, 692.48, 141820, 143771, 98, 30
4, NVIDIA H200, 61, 687.06, 141820, 143771, 98, 30
5, NVIDIA H200, 69, 676.60, 141820, 143771, 98, 30
6, NVIDIA H200, 67, 695.57, 141820, 143771, 98, 34
7, NVIDIA H200, 62, 680.51, 141820, 143771, 98, 30
2026-09-04T21:20:15+00:00
0, NVIDIA H200, 62, 694.85, 141820, 143771, 98, 33
1, NVIDIA H200, 71, 695.89, 141820, 143771, 98, 34
2, NVIDIA H200, 71, 692.76, 141820, 143771, 98, 34
3, NVIDIA H200, 63, 695.75, 141820, 143771, 98, 33
4, NVIDIA H200, 63, 695.24, 141820, 143771, 98, 33
5, NVIDIA H200, 70, 690.48, 141820, 143771, 98, 33
6, NVIDIA H200, 69, 692.62, 141820, 143771, 98, 33
7, NVIDIA H200, 63, 694.47, 141820, 143771, 98, 33
2026-09-04T21:20:20+00:00
0, NVIDIA H200, 62, 693.17, 141820, 143771, 98, 34
1, NVIDIA H200, 72, 694.57, 141820, 143771, 98, 34
2, NVIDIA H200, 72, 694.11, 141820, 143771, 98, 34
3, NVIDIA H200, 64, 696.65, 141820, 143771, 98, 34
4, NVIDIA H200, 63, 692.77, 141820, 143771, 98, 34
5, NVIDIA H200, 70, 695.38, 141820, 143771, 98, 34
6, NVIDIA H200, 70, 695.05, 141820, 143771, 98, 34
7, NVIDIA H200, 63, 694.44, 141820, 143771, 98, 34
2026-09-04T21:20:26+00:00
0, NVIDIA H200, 58, 610.89, 141820, 143771, 99, 20
1, NVIDIA H200, 69, 612.51, 141820, 143771, 99, 22
2, NVIDIA H200, 67, 614.81, 141820, 143771, 99, 26
3, NVIDIA H200, 59, 611.22, 141820, 143771, 99, 23
4, NVIDIA H200, 59, 620.06, 141820, 143771, 99, 20
5, NVIDIA H200, 66, 596.60, 141820, 143771, 99, 17
6, NVIDIA H200, 64, 604.91, 141820, 143771, 99, 19
7, NVIDIA H200, 58, 591.82, 141820, 143771, 99, 28
2026-09-04T21:20:31+00:00
0, NVIDIA H200, 60, 689.98, 141820, 143771, 98, 32
1, NVIDIA H200, 70, 694.24, 141820, 143771, 98, 32
2, NVIDIA H200, 70, 691.84, 141820, 143771, 98, 32
3, NVIDIA H200, 62, 694.65, 141820, 143771, 98, 32
4, NVIDIA H200, 62, 692.51, 141820, 143771, 98, 32
5, NVIDIA H200, 69, 694.67, 141820, 143771, 98, 32
6, NVIDIA H200, 68, 696.01, 141820, 143771, 98, 32
7, NVIDIA H200, 62, 692.96, 141820, 143771, 98, 32
2026-09-04T21:20:36+00:00
0, NVIDIA H200, 62, 694.32, 141820, 143771, 98, 34
1, NVIDIA H200, 72, 695.51, 141820, 143771, 98, 33
2, NVIDIA H200, 71, 692.52, 141820, 143771, 98, 33
3, NVIDIA H200, 64, 695.10, 141820, 143771, 98, 33
4, NVIDIA H200, 63, 694.83, 141820, 143771, 98, 33
5, NVIDIA H200, 70, 692.70, 141820, 143771, 98, 33
6, NVIDIA H200, 70, 693.30, 141820, 143771, 98, 33
7, NVIDIA H200, 63, 690.72, 141820, 143771, 98, 33
2026-09-04T21:20:41+00:00
0, NVIDIA H200, 62, 692.12, 141820, 143771, 98, 34
1, NVIDIA H200, 72, 693.65, 141820, 143771, 98, 34
2, NVIDIA H200, 72, 692.60, 141820, 143771, 98, 33
3, NVIDIA H200, 64, 693.92, 141820, 143771, 98, 34
4, NVIDIA H200, 63, 694.21, 141820, 143771, 98, 34
5, NVIDIA H200, 70, 695.02, 141820, 143771, 98, 34
6, NVIDIA H200, 70, 692.46, 141820, 143771, 98, 33
7, NVIDIA H200, 63, 692.68, 141820, 143771, 98, 34
2026-09-04T21:20:46+00:00
0, NVIDIA H200, 62, 695.52, 141820, 143771, 98, 34
1, NVIDIA H200, 72, 692.71, 141820, 143771, 98, 33
2, NVIDIA H200, 72, 695.68, 141820, 143771, 98, 34
3, NVIDIA H200, 64, 693.67, 141820, 143771, 98, 33
4, NVIDIA H200, 63, 691.53, 141820, 143771, 98, 33
5, NVIDIA H200, 70, 691.92, 141820, 143771, 98, 33
6, NVIDIA H200, 70, 693.94, 141820, 143771, 98, 33
7, NVIDIA H200, 64, 693.73, 141820, 143771, 98, 33
2026-09-04T21:20:52+00:00
0, NVIDIA H200, 55, 449.74, 141820, 143771, 100, 26
1, NVIDIA H200, 64, 471.34, 141820, 143771, 100, 29
2, NVIDIA H200, 63, 440.78, 141820, 143771, 100, 28
3, NVIDIA H200, 57, 454.35, 141820, 143771, 99, 24
4, NVIDIA H200, 55, 422.36, 141820, 143771, 99, 17
5, NVIDIA H200, 63, 434.84, 141820, 143771, 99, 20
6, NVIDIA H200, 62, 453.58, 141820, 143771, 100, 27
7, NVIDIA H200, 55, 413.69, 141820, 143771, 99, 22
2026-09-04T21:20:57+00:00
0, NVIDIA H200, 62, 692.91, 141820, 143771, 98, 34
1, NVIDIA H200, 73, 695.77, 141820, 143771, 97, 34
2, NVIDIA H200, 72, 692.22, 141820, 143771, 97, 34
3, NVIDIA H200, 64, 695.35, 141820, 143771, 98, 34
4, NVIDIA H200, 63, 694.15, 141820, 143771, 98, 34
5, NVIDIA H200, 70, 694.93, 141820, 143771, 98, 34
6, NVIDIA H200, 70, 693.96, 141820, 143771, 98, 34
7, NVIDIA H200, 63, 691.86, 141820, 143771, 98, 34
2026-09-04T21:21:02+00:00
0, NVIDIA H200, 62, 692.72, 141820, 143771, 98, 33
1, NVIDIA H200, 72, 696.52, 141820, 143771, 98, 34
2, NVIDIA H200, 72, 693.68, 141820, 143771, 98, 33
3, NVIDIA H200, 64, 694.65, 141820, 143771, 98, 33
4, NVIDIA H200, 63, 693.57, 141820, 143771, 98, 34
5, NVIDIA H200, 70, 694.67, 141820, 143771, 98, 33
6, NVIDIA H200, 70, 694.19, 141820, 143771, 98, 33
7, NVIDIA H200, 63, 695.18, 141820, 143771, 98, 33
2026-09-04T21:21:07+00:00
0, NVIDIA H200, 62, 692.83, 141820, 143771, 98, 34
1, NVIDIA H200, 72, 694.56, 141820, 143771, 97, 33
2, NVIDIA H200, 72, 696.21, 141820, 143771, 98, 33
3, NVIDIA H200, 64, 696.53, 141820, 143771, 98, 33
4, NVIDIA H200, 63, 692.36, 141820, 143771, 98, 33
5, NVIDIA H200, 70, 696.07, 141820, 143771, 98, 34
6, NVIDIA H200, 70, 696.09, 141820, 143771, 98, 34
7, NVIDIA H200, 63, 694.29, 141820, 143771, 98, 34
2026-09-04T21:21:13+00:00
0, NVIDIA H200, 62, 693.69, 141820, 143771, 98, 34
1, NVIDIA H200, 72, 694.25, 141820, 143771, 98, 33
2, NVIDIA H200, 72, 691.68, 141820, 143771, 98, 33
3, NVIDIA H200, 64, 694.59, 141820, 143771, 98, 34
4, NVIDIA H200, 64, 691.88, 141820, 143771, 98, 33
5, NVIDIA H200, 71, 693.47, 141820, 143771, 98, 33
6, NVIDIA H200, 70, 694.68, 141820, 143771, 98, 34
7, NVIDIA H200, 64, 692.42, 141820, 143771, 98, 33
2026-09-04T21:21:18+00:00
0, NVIDIA H200, 62, 654.17, 141820, 143771, 98, 35
1, NVIDIA H200, 72, 681.76, 141820, 143771, 98, 35
2, NVIDIA H200, 71, 666.73, 141820, 143771, 98, 34
3, NVIDIA H200, 63, 662.96, 141820, 143771, 97, 35
4, NVIDIA H200, 63, 649.54, 141820, 143771, 98, 35
5, NVIDIA H200, 69, 639.56, 141820, 143771, 98, 35
6, NVIDIA H200, 70, 657.33, 141820, 143771, 98, 35
7, NVIDIA H200, 63, 648.03, 141820, 143771, 98, 34
2026-09-04T21:21:23+00:00
0, NVIDIA H200, 61, 693.59, 141820, 143771, 98, 33
1, NVIDIA H200, 71, 695.38, 141820, 143771, 98, 33
2, NVIDIA H200, 71, 696.78, 141820, 143771, 98, 33
3, NVIDIA H200, 64, 693.22, 141820, 143771, 98, 33
4, NVIDIA H200, 63, 696.57, 141820, 143771, 98, 33
5, NVIDIA H200, 70, 691.77, 141820, 143771, 98, 33
6, NVIDIA H200, 69, 693.92, 141820, 143771, 98, 33
7, NVIDIA H200, 63, 693.64, 141820, 143771, 98, 33
2026-09-04T21:21:28+00:00
0, NVIDIA H200, 62, 693.98, 141820, 143771, 98, 33
1, NVIDIA H200, 72, 692.36, 141820, 143771, 98, 34
2, NVIDIA H200, 71, 692.92, 141820, 143771, 98, 34
3, NVIDIA H200, 64, 694.40, 141820, 143771, 98, 34
4, NVIDIA H200, 63, 693.53, 141820, 143771, 98, 33
5, NVIDIA H200, 70, 693.14, 141820, 143771, 98, 33
6, NVIDIA H200, 69, 696.00, 141820, 143771, 98, 34
7, NVIDIA H200, 63, 694.89, 141820, 143771, 98, 34
2026-09-04T21:21:34+00:00
0, NVIDIA H200, 62, 694.93, 141820, 143771, 98, 34
1, NVIDIA H200, 72, 692.85, 141820, 143771, 98, 34
2, NVIDIA H200, 71, 695.14, 141820, 143771, 98, 34
3, NVIDIA H200, 64, 695.50, 141820, 143771, 98, 34
4, NVIDIA H200, 63, 692.77, 141820, 143771, 98, 34
5, NVIDIA H200, 70, 695.84, 141820, 143771, 98, 34
6, NVIDIA H200, 70, 695.25, 141820, 143771, 98, 34
7, NVIDIA H200, 63, 693.89, 141820, 143771, 98, 34
2026-09-04T21:21:39+00:00
0, NVIDIA H200, 62, 695.26, 141820, 143771, 98, 33
1, NVIDIA H200, 72, 696.06, 141820, 143771, 98, 33
2, NVIDIA H200, 72, 694.34, 141820, 143771, 98, 33
3, NVIDIA H200, 64, 693.81, 141820, 143771, 98, 33
4, NVIDIA H200, 63, 693.51, 141820, 143771, 98, 33
5, NVIDIA H200, 71, 691.64, 141820, 143771, 98, 33
6, NVIDIA H200, 70, 694.36, 141820, 143771, 98, 34
7, NVIDIA H200, 64, 692.65, 141820, 143771, 97, 33
2026-09-04T21:21:44+00:00
0, NVIDIA H200, 62, 693.26, 141820, 143771, 98, 33
1, NVIDIA H200, 72, 695.83, 141820, 143771, 98, 33
2, NVIDIA H200, 71, 694.76, 141820, 143771, 98, 33
3, NVIDIA H200, 64, 696.67, 141820, 143771, 98, 34
4, NVIDIA H200, 63, 693.40, 141820, 143771, 98, 33
5, NVIDIA H200, 71, 694.28, 141820, 143771, 98, 33
6, NVIDIA H200, 70, 694.19, 141820, 143771, 98, 34
7, NVIDIA H200, 64, 692.97, 141820, 143771, 98, 33
2026-09-04T21:21:49+00:00
0, NVIDIA H200, 60, 523.04, 141820, 143771, 98, 28
1, NVIDIA H200, 71, 542.51, 141820, 143771, 98, 30
2, NVIDIA H200, 69, 523.04, 141820, 143771, 98, 35
3, NVIDIA H200, 62, 517.72, 141820, 143771, 98, 32
4, NVIDIA H200, 62, 511.20, 141820, 143771, 98, 33
5, NVIDIA H200, 69, 510.66, 141820, 143771, 98, 30
6, NVIDIA H200, 69, 527.71, 141820, 143771, 98, 34
7, NVIDIA H200, 62, 511.16, 141820, 143771, 98, 33
2026-09-04T21:21:54+00:00
0, NVIDIA H200, 62, 690.14, 141820, 143771, 98, 34
1, NVIDIA H200, 72, 693.49, 141820, 143771, 98, 34
2, NVIDIA H200, 71, 693.72, 141820, 143771, 98, 34
3, NVIDIA H200, 64, 695.28, 141820, 143771, 98, 34
4, NVIDIA H200, 63, 693.78, 141820, 143771, 98, 34
5, NVIDIA H200, 70, 693.32, 141820, 143771, 98, 34
6, NVIDIA H200, 70, 694.31, 141820, 143771, 98, 34
7, NVIDIA H200, 63, 694.42, 141820, 143771, 98, 34
2026-09-04T21:22:00+00:00
0, NVIDIA H200, 62, 693.79, 141820, 143771, 98, 34
1, NVIDIA H200, 72, 695.23, 141820, 143771, 98, 33
2, NVIDIA H200, 71, 694.16, 141820, 143771, 98, 34
3, NVIDIA H200, 64, 694.78, 141820, 143771, 98, 33
4, NVIDIA H200, 63, 694.48, 141820, 143771, 98, 33
5, NVIDIA H200, 70, 693.84, 141820, 143771, 98, 33
6, NVIDIA H200, 70, 692.37, 141820, 143771, 98, 33
7, NVIDIA H200, 64, 694.03, 141820, 143771, 98, 34
2026-09-04T21:22:05+00:00
0, NVIDIA H200, 62, 690.88, 141820, 143771, 98, 34
1, NVIDIA H200, 72, 694.84, 141820, 143771, 98, 33
2, NVIDIA H200, 72, 692.92, 141820, 143771, 98, 33
3, NVIDIA H200, 64, 695.65, 141820, 143771, 98, 33
4, NVIDIA H200, 63, 692.12, 141820, 143771, 98, 33
5, NVIDIA H200, 71, 694.47, 141820, 143771, 98, 33
6, NVIDIA H200, 70, 695.18, 141820, 143771, 98, 34
7, NVIDIA H200, 64, 694.38, 141820, 143771, 98, 33
2026-09-04T21:22:10+00:00
0, NVIDIA H200, 62, 695.58, 141820, 143771, 98, 33
1, NVIDIA H200, 72, 692.85, 141820, 143771, 97, 33
2, NVIDIA H200, 72, 690.85, 141820, 143771, 98, 33
3, NVIDIA H200, 64, 695.52, 141820, 143771, 98, 33
4, NVIDIA H200, 64, 694.09, 141820, 143771, 98, 33
5, NVIDIA H200, 71, 693.68, 141820, 143771, 98, 34
6, NVIDIA H200, 70, 694.24, 141820, 143771, 98, 33
7, NVIDIA H200, 64, 696.46, 141820, 143771, 98, 34
2026-09-04T21:22:15+00:00
0, NVIDIA H200, 62, 692.07, 141820, 143771, 98, 34
1, NVIDIA H200, 72, 694.85, 141820, 143771, 98, 34
2, NVIDIA H200, 72, 694.04, 141820, 143771, 98, 34
3, NVIDIA H200, 64, 695.36, 141820, 143771, 98, 34
4, NVIDIA H200, 64, 692.27, 141820, 143771, 98, 34
5, NVIDIA H200, 71, 693.99, 141820, 143771, 98, 33
6, NVIDIA H200, 71, 695.46, 141820, 143771, 98, 34
7, NVIDIA H200, 64, 694.05, 141820, 143771, 98, 33
2026-09-04T21:22:20+00:00
0, NVIDIA H200, 55, 447.88, 141820, 143771, 99, 18
1, NVIDIA H200, 65, 480.05, 141820, 143771, 99, 18
2, NVIDIA H200, 64, 450.88, 141820, 143771, 99, 17
3, NVIDIA H200, 55, 421.43, 141820, 143771, 99, 21
4, NVIDIA H200, 55, 435.08, 141820, 143771, 99, 16
5, NVIDIA H200, 63, 432.00, 141820, 143771, 99, 19
6, NVIDIA H200, 63, 456.16, 141820, 143771, 99, 18
7, NVIDIA H200, 56, 420.13, 141820, 143771, 99, 20
2026-09-04T21:22:26+00:00
0, NVIDIA H200, 62, 694.20, 141820, 143771, 98, 33
1, NVIDIA H200, 71, 694.07, 141820, 143771, 98, 33
2, NVIDIA H200, 71, 689.98, 141820, 143771, 98, 33
3, NVIDIA H200, 63, 693.27, 141820, 143771, 98, 33
4, NVIDIA H200, 63, 692.77, 141820, 143771, 98, 33
5, NVIDIA H200, 70, 691.98, 141820, 143771, 98, 33
6, NVIDIA H200, 70, 692.57, 141820, 143771, 98, 33
7, NVIDIA H200, 63, 693.65, 141820, 143771, 98, 33
2026-09-04T21:22:31+00:00
0, NVIDIA H200, 62, 693.76, 141820, 143771, 98, 33
1, NVIDIA H200, 72, 692.54, 141820, 143771, 98, 33
2, NVIDIA H200, 71, 693.92, 141820, 143771, 98, 33
3, NVIDIA H200, 64, 695.33, 141820, 143771, 98, 33
4, NVIDIA H200, 64, 694.97, 141820, 143771, 98, 33
5, NVIDIA H200, 70, 694.51, 141820, 143771, 98, 33
6, NVIDIA H200, 69, 694.94, 141820, 143771, 98, 33
7, NVIDIA H200, 64, 693.88, 141820, 143771, 98, 33
2026-09-04T21:22:36+00:00
0, NVIDIA H200, 63, 691.38, 141820, 143771, 98, 33
1, NVIDIA H200, 72, 690.16, 141820, 143771, 98, 33
2, NVIDIA H200, 72, 695.91, 141820, 143771, 98, 33
3, NVIDIA H200, 64, 693.80, 141820, 143771, 98, 34
4, NVIDIA H200, 63, 692.64, 141820, 143771, 98, 34
5, NVIDIA H200, 70, 694.49, 141820, 143771, 98, 34
6, NVIDIA H200, 70, 694.23, 141820, 143771, 98, 33
7, NVIDIA H200, 64, 690.93, 141820, 143771, 98, 34
2026-09-04T21:22:41+00:00
0, NVIDIA H200, 62, 693.09, 141820, 143771, 98, 34
1, NVIDIA H200, 72, 692.09, 141820, 143771, 97, 34
2, NVIDIA H200, 72, 694.85, 141820, 143771, 98, 34
3, NVIDIA H200, 64, 696.39, 141820, 143771, 98, 34
4, NVIDIA H200, 64, 692.31, 141820, 143771, 98, 33
5, NVIDIA H200, 71, 694.53, 141820, 143771, 98, 33
6, NVIDIA H200, 70, 693.31, 141820, 143771, 98, 34
7, NVIDIA H200, 64, 693.32, 141820, 143771, 98, 33
2026-09-04T21:22:47+00:00
0, NVIDIA H200, 62, 693.57, 141820, 143771, 98, 34
1, NVIDIA H200, 72, 692.77, 141820, 143771, 98, 33
2, NVIDIA H200, 72, 694.51, 141820, 143771, 98, 33
3, NVIDIA H200, 64, 696.35, 141820, 143771, 98, 34
4, NVIDIA H200, 64, 693.51, 141820, 143771, 98, 34
5, NVIDIA H200, 71, 692.81, 141820, 143771, 98, 34
6, NVIDIA H200, 70, 693.89, 141820, 143771, 98, 33
7, NVIDIA H200, 64, 693.85, 141820, 143771, 98, 34
2026-09-04T21:22:52+00:00
0, NVIDIA H200, 62, 693.70, 141820, 143771, 97, 33
1, NVIDIA H200, 72, 695.60, 141820, 143771, 98, 33
2, NVIDIA H200, 72, 695.76, 141820, 143771, 98, 34
3, NVIDIA H200, 64, 695.98, 141820, 143771, 98, 34
4, NVIDIA H200, 63, 693.39, 141820, 143771, 98, 34
5, NVIDIA H200, 71, 692.83, 141820, 143771, 98, 34
6, NVIDIA H200, 70, 695.64, 141820, 143771, 98, 33
7, NVIDIA H200, 64, 694.57, 141820, 143771, 98, 34
2026-09-04T21:22:57+00:00
0, NVIDIA H200, 61, 639.69, 141820, 143771, 98, 26
1, NVIDIA H200, 72, 657.65, 141820, 143771, 98, 26
2, NVIDIA H200, 70, 646.05, 141820, 143771, 98, 29
3, NVIDIA H200, 62, 644.63, 141820, 143771, 99, 29
4, NVIDIA H200, 60, 644.91, 141820, 143771, 98, 30
5, NVIDIA H200, 67, 645.33, 141820, 143771, 98, 28
6, NVIDIA H200, 67, 636.69, 141820, 143771, 98, 24
7, NVIDIA H200, 61, 639.46, 141820, 143771, 98, 26
2026-09-04T21:23:02+00:00
0, NVIDIA H200, 59, 531.71, 141820, 143771, 98, 28
1, NVIDIA H200, 71, 538.95, 141820, 143771, 98, 30
2, NVIDIA H200, 69, 522.92, 141820, 143771, 98, 28
3, NVIDIA H200, 62, 520.57, 141820, 143771, 98, 33
4, NVIDIA H200, 62, 523.95, 141820, 143771, 98, 26
5, NVIDIA H200, 68, 532.89, 141820, 143771, 98, 30
6, NVIDIA H200, 69, 546.47, 141820, 143771, 98, 33
7, NVIDIA H200, 62, 510.13, 141820, 143771, 98, 30
2026-09-04T21:23:07+00:00
0, NVIDIA H200, 62, 696.28, 141820, 143771, 98, 34
1, NVIDIA H200, 72, 693.17, 141820, 143771, 98, 34
2, NVIDIA H200, 72, 694.72, 141820, 143771, 97, 34
3, NVIDIA H200, 64, 694.98, 141820, 143771, 98, 34
4, NVIDIA H200, 63, 693.03, 141820, 143771, 98, 33
5, NVIDIA H200, 70, 692.81, 141820, 143771, 98, 34
6, NVIDIA H200, 70, 692.10, 141820, 143771, 98, 34
7, NVIDIA H200, 64, 693.24, 141820, 143771, 98, 34
2026-09-04T21:23:13+00:00
0, NVIDIA H200, 62, 692.50, 141820, 143771, 98, 34
1, NVIDIA H200, 72, 692.39, 141820, 143771, 98, 34
2, NVIDIA H200, 71, 693.74, 141820, 143771, 98, 34
3, NVIDIA H200, 64, 694.27, 141820, 143771, 98, 34
4, NVIDIA H200, 63, 692.52, 141820, 143771, 98, 33
5, NVIDIA H200, 70, 695.33, 141820, 143771, 98, 34
6, NVIDIA H200, 70, 695.20, 141820, 143771, 98, 34
7, NVIDIA H200, 63, 693.70, 141820, 143771, 98, 34
2026-09-04T21:23:18+00:00
0, NVIDIA H200, 62, 692.53, 141820, 143771, 98, 34
1, NVIDIA H200, 72, 693.54, 141820, 143771, 98, 34
2, NVIDIA H200, 72, 695.47, 141820, 143771, 98, 33
3, NVIDIA H200, 64, 694.98, 141820, 143771, 98, 34
4, NVIDIA H200, 63, 694.81, 141820, 143771, 98, 33
5, NVIDIA H200, 71, 694.29, 141820, 143771, 98, 33
6, NVIDIA H200, 70, 695.85, 141820, 143771, 98, 33
7, NVIDIA H200, 64, 692.55, 141820, 143771, 98, 33
2026-09-04T21:23:23+00:00
0, NVIDIA H200, 62, 693.77, 141820, 143771, 98, 33
1, NVIDIA H200, 72, 693.42, 141820, 143771, 98, 33
2, NVIDIA H200, 72, 693.83, 141820, 143771, 98, 33
3, NVIDIA H200, 64, 692.22, 141820, 143771, 98, 33
4, NVIDIA H200, 63, 691.30, 141820, 143771, 98, 33
5, NVIDIA H200, 71, 694.63, 141820, 143771, 98, 33
6, NVIDIA H200, 70, 695.49, 141820, 143771, 98, 33
7, NVIDIA H200, 64, 692.62, 141820, 143771, 98, 34
2026-09-04T21:23:28+00:00
0, NVIDIA H200, 63, 693.67, 141820, 143771, 98, 34
1, NVIDIA H200, 72, 693.95, 141820, 143771, 98, 33
2, NVIDIA H200, 72, 692.45, 141820, 143771, 98, 33
3, NVIDIA H200, 64, 693.75, 141820, 143771, 98, 33
4, NVIDIA H200, 64, 694.06, 141820, 143771, 98, 33
5, NVIDIA H200, 71, 694.32, 141820, 143771, 98, 33
6, NVIDIA H200, 70, 694.87, 141820, 143771, 98, 33
7, NVIDIA H200, 64, 695.11, 141820, 143771, 98, 33
2026-09-04T21:23:34+00:00
0, NVIDIA H200, 62, 695.34, 141820, 143771, 98, 34
1, NVIDIA H200, 73, 695.21, 141820, 143771, 98, 34
2, NVIDIA H200, 72, 694.31, 141820, 143771, 98, 34
3, NVIDIA H200, 64, 694.76, 141820, 143771, 98, 33
4, NVIDIA H200, 64, 696.20, 141820, 143771, 98, 34
5, NVIDIA H200, 71, 694.64, 141820, 143771, 98, 34
6, NVIDIA H200, 70, 694.20, 141820, 143771, 98, 33
7, NVIDIA H200, 64, 695.99, 141820, 143771, 98, 34
2026-09-04T21:23:39+00:00
0, NVIDIA H200, 62, 607.95, 141820, 143771, 98, 35
1, NVIDIA H200, 72, 634.65, 141820, 143771, 98, 28
2, NVIDIA H200, 70, 593.61, 141820, 143771, 98, 26
3, NVIDIA H200, 62, 600.57, 141820, 143771, 98, 31
4, NVIDIA H200, 62, 590.48, 141820, 143771, 98, 31
5, NVIDIA H200, 68, 588.16, 141820, 143771, 98, 28
6, NVIDIA H200, 69, 605.67, 141820, 143771, 98, 26
7, NVIDIA H200, 62, 589.27, 141820, 143771, 98, 30
2026-09-04T21:23:44+00:00
0, NVIDIA H200, 63, 651.39, 141820, 143771, 98, 34
1, NVIDIA H200, 72, 656.22, 141820, 143771, 98, 34
2, NVIDIA H200, 71, 644.92, 141820, 143771, 98, 34
3, NVIDIA H200, 64, 633.85, 141820, 143771, 98, 35
4, NVIDIA H200, 63, 654.50, 141820, 143771, 98, 35
5, NVIDIA H200, 70, 644.83, 141820, 143771, 98, 34
6, NVIDIA H200, 70, 655.45, 141820, 143771, 98, 34
7, NVIDIA H200, 63, 657.72, 141820, 143771, 98, 34
2026-09-04T21:23:49+00:00
0, NVIDIA H200, 62, 693.74, 141820, 143771, 98, 33
1, NVIDIA H200, 72, 695.89, 141820, 143771, 98, 33
2, NVIDIA H200, 71, 693.78, 141820, 143771, 98, 33
3, NVIDIA H200, 64, 694.89, 141820, 143771, 98, 33
4, NVIDIA H200, 63, 691.03, 141820, 143771, 98, 33
5, NVIDIA H200, 70, 693.87, 141820, 143771, 98, 33
6, NVIDIA H200, 70, 696.23, 141820, 143771, 98, 33
7, NVIDIA H200, 63, 692.27, 141820, 143771, 98, 33
2026-09-04T21:23:54+00:00
0, NVIDIA H200, 62, 695.43, 141820, 143771, 98, 34
1, NVIDIA H200, 72, 693.71, 141820, 143771, 98, 33
2, NVIDIA H200, 72, 693.47, 141820, 143771, 98, 33
3, NVIDIA H200, 64, 696.04, 141820, 143771, 98, 34
4, NVIDIA H200, 63, 691.67, 141820, 143771, 98, 33
5, NVIDIA H200, 70, 692.99, 141820, 143771, 98, 33
6, NVIDIA H200, 70, 693.72, 141820, 143771, 98, 34
7, NVIDIA H200, 64, 695.21, 141820, 143771, 97, 33
2026-09-04T21:24:00+00:00
0, NVIDIA H200, 62, 693.32, 141820, 143771, 98, 33
1, NVIDIA H200, 72, 696.30, 141820, 143771, 98, 33
2, NVIDIA H200, 72, 694.19, 141820, 143771, 98, 33
3, NVIDIA H200, 64, 694.73, 141820, 143771, 98, 33
4, NVIDIA H200, 64, 692.93, 141820, 143771, 98, 33
5, NVIDIA H200, 71, 695.13, 141820, 143771, 98, 33
6, NVIDIA H200, 69, 695.18, 141820, 143771, 98, 33
7, NVIDIA H200, 64, 693.64, 141820, 143771, 98, 33
2026-09-04T21:24:05+00:00
0, NVIDIA H200, 62, 694.01, 141820, 143771, 98, 33
1, NVIDIA H200, 72, 692.77, 141820, 143771, 98, 33
2, NVIDIA H200, 72, 693.94, 141820, 143771, 98, 33
3, NVIDIA H200, 64, 691.48, 141820, 143771, 98, 33
4, NVIDIA H200, 63, 693.18, 141820, 143771, 98, 33
5, NVIDIA H200, 71, 694.24, 141820, 143771, 98, 33
6, NVIDIA H200, 70, 693.75, 141820, 143771, 98, 33
7, NVIDIA H200, 64, 693.01, 141820, 143771, 98, 33
2026-09-04T21:24:10+00:00
0, NVIDIA H200, 62, 694.01, 141820, 143771, 98, 33
1, NVIDIA H200, 72, 694.72, 141820, 143771, 98, 33
2, NVIDIA H200, 72, 695.39, 141820, 143771, 98, 33
3, NVIDIA H200, 64, 697.65, 141820, 143771, 98, 33
4, NVIDIA H200, 64, 693.41, 141820, 143771, 98, 33
5, NVIDIA H200, 71, 693.25, 141820, 143771, 98, 33
6, NVIDIA H200, 71, 695.91, 141820, 143771, 98, 33
7, NVIDIA H200, 64, 693.17, 141820, 143771, 98, 33
2026-09-04T21:24:15+00:00
0, NVIDIA H200, 62, 694.90, 141820, 143771, 98, 33
1, NVIDIA H200, 72, 693.83, 141820, 143771, 98, 33
2, NVIDIA H200, 72, 693.26, 141820, 143771, 98, 33
3, NVIDIA H200, 64, 694.21, 141820, 143771, 98, 33
4, NVIDIA H200, 64, 694.38, 141820, 143771, 98, 33
5, NVIDIA H200, 71, 694.20, 141820, 143771, 98, 33
6, NVIDIA H200, 70, 694.79, 141820, 143771, 98, 33
7, NVIDIA H200, 64, 696.65, 141820, 143771, 98, 33
2026-09-04T21:24:21+00:00
0, NVIDIA H200, 62, 694.49, 141820, 143771, 98, 34
1, NVIDIA H200, 72, 696.07, 141820, 143771, 98, 34
2, NVIDIA H200, 72, 694.76, 141820, 143771, 98, 33
3, NVIDIA H200, 64, 695.35, 141820, 143771, 98, 34
4, NVIDIA H200, 64, 693.41, 141820, 143771, 98, 33
5, NVIDIA H200, 71, 694.55, 141820, 143771, 98, 33
6, NVIDIA H200, 70, 696.28, 141820, 143771, 98, 33
7, NVIDIA H200, 64, 695.14, 141820, 143771, 98, 34
2026-09-04T21:24:26+00:00
0, NVIDIA H200, 62, 693.84, 141820, 143771, 97, 33
1, NVIDIA H200, 72, 691.75, 141820, 143771, 98, 33
2, NVIDIA H200, 72, 695.60, 141820, 143771, 98, 34
3, NVIDIA H200, 64, 693.96, 141820, 143771, 98, 33
4, NVIDIA H200, 64, 693.27, 141820, 143771, 98, 33
5, NVIDIA H200, 71, 695.23, 141820, 143771, 98, 33
6, NVIDIA H200, 70, 693.93, 141820, 143771, 98, 33
7, NVIDIA H200, 64, 694.25, 141820, 143771, 98, 33
2026-09-04T21:24:31+00:00
0, NVIDIA H200, 60, 635.61, 141820, 143771, 97, 29
1, NVIDIA H200, 72, 661.35, 141820, 143771, 98, 31
2, NVIDIA H200, 70, 629.69, 141820, 143771, 98, 30
3, NVIDIA H200, 62, 620.12, 141820, 143771, 98, 28
4, NVIDIA H200, 61, 615.10, 141820, 143771, 98, 26
5, NVIDIA H200, 69, 600.48, 141820, 143771, 98, 26
6, NVIDIA H200, 68, 633.96, 141820, 143771, 98, 33
7, NVIDIA H200, 61, 614.44, 141820, 143771, 98, 28
2026-09-04T21:24:36+00:00
0, NVIDIA H200, 58, 462.61, 141820, 143771, 99, 15
1, NVIDIA H200, 67, 479.24, 141820, 143771, 99, 29
2, NVIDIA H200, 66, 453.46, 141820, 143771, 99, 20
3, NVIDIA H200, 58, 454.64, 141820, 143771, 99, 23
4, NVIDIA H200, 57, 445.62, 141820, 143771, 99, 21
5, NVIDIA H200, 63, 451.68, 141820, 143771, 99, 21
6, NVIDIA H200, 64, 478.45, 141820, 143771, 99, 20
7, NVIDIA H200, 57, 446.56, 141820, 143771, 99, 26
2026-09-04T21:24:41+00:00
0, NVIDIA H200, 62, 693.24, 141820, 143771, 98, 33
1, NVIDIA H200, 71, 697.10, 141820, 143771, 98, 33
2, NVIDIA H200, 72, 694.08, 141820, 143771, 98, 33
3, NVIDIA H200, 63, 694.03, 141820, 143771, 98, 33
4, NVIDIA H200, 63, 692.63, 141820, 143771, 98, 33
5, NVIDIA H200, 70, 691.04, 141820, 143771, 98, 33
6, NVIDIA H200, 70, 694.28, 141820, 143771, 98, 33
7, NVIDIA H200, 63, 691.61, 141820, 143771, 98, 33
2026-09-04T21:24:47+00:00
0, NVIDIA H200, 62, 692.70, 141820, 143771, 98, 33
1, NVIDIA H200, 72, 696.26, 141820, 143771, 98, 33
2, NVIDIA H200, 72, 694.80, 141820, 143771, 98, 33
3, NVIDIA H200, 64, 693.83, 141820, 143771, 98, 33
4, NVIDIA H200, 63, 690.84, 141820, 143771, 98, 33
5, NVIDIA H200, 70, 693.73, 141820, 143771, 98, 33
6, NVIDIA H200, 70, 696.03, 141820, 143771, 98, 33
7, NVIDIA H200, 64, 692.63, 141820, 143771, 98, 33
2026-09-04T21:24:52+00:00
0, NVIDIA H200, 62, 691.65, 141820, 143771, 98, 33
1, NVIDIA H200, 72, 693.33, 141820, 143771, 97, 34
2, NVIDIA H200, 72, 694.77, 141820, 143771, 98, 34
3, NVIDIA H200, 64, 695.53, 141820, 143771, 98, 34
4, NVIDIA H200, 64, 693.27, 141820, 143771, 98, 33
5, NVIDIA H200, 71, 694.15, 141820, 143771, 98, 34
6, NVIDIA H200, 70, 696.04, 141820, 143771, 98, 33
7, NVIDIA H200, 64, 695.70, 141820, 143771, 98, 33
2026-09-04T21:24:57+00:00
0, NVIDIA H200, 62, 693.45, 141820, 143771, 98, 34
1, NVIDIA H200, 72, 693.62, 141820, 143771, 98, 34
2, NVIDIA H200, 72, 694.72, 141820, 143771, 98, 34
3, NVIDIA H200, 64, 693.67, 141820, 143771, 98, 34
4, NVIDIA H200, 64, 692.77, 141820, 143771, 98, 34
5, NVIDIA H200, 71, 694.17, 141820, 143771, 98, 34
6, NVIDIA H200, 70, 694.75, 141820, 143771, 98, 33
7, NVIDIA H200, 64, 695.75, 141820, 143771, 98, 34
2026-09-04T21:25:02+00:00
0, NVIDIA H200, 62, 691.54, 141820, 143771, 97, 33
1, NVIDIA H200, 72, 692.94, 141820, 143771, 97, 34
2, NVIDIA H200, 72, 693.13, 141820, 143771, 97, 33
3, NVIDIA H200, 64, 694.91, 141820, 143771, 98, 34
4, NVIDIA H200, 63, 693.85, 141820, 143771, 98, 33
5, NVIDIA H200, 71, 693.84, 141820, 143771, 98, 34
6, NVIDIA H200, 70, 693.04, 141820, 143771, 98, 34
7, NVIDIA H200, 64, 694.52, 141820, 143771, 97, 33
2026-09-04T21:25:08+00:00
0, NVIDIA H200, 62, 694.26, 141820, 143771, 98, 33
1, NVIDIA H200, 72, 691.96, 141820, 143771, 98, 33
2, NVIDIA H200, 72, 694.83, 141820, 143771, 98, 33
3, NVIDIA H200, 64, 695.34, 141820, 143771, 98, 33
4, NVIDIA H200, 64, 694.72, 141820, 143771, 98, 34
5, NVIDIA H200, 71, 694.30, 141820, 143771, 98, 33
6, NVIDIA H200, 71, 693.31, 141820, 143771, 98, 33
7, NVIDIA H200, 64, 692.94, 141820, 143771, 98, 33
2026-09-04T21:25:13+00:00
0, NVIDIA H200, 62, 696.66, 141820, 143771, 98, 33
1, NVIDIA H200, 73, 691.10, 141820, 143771, 98, 33
2, NVIDIA H200, 72, 692.44, 141820, 143771, 98, 34
3, NVIDIA H200, 64, 695.97, 141820, 143771, 98, 34
4, NVIDIA H200, 64, 693.81, 141820, 143771, 98, 34
5, NVIDIA H200, 71, 692.70, 141820, 143771, 98, 34
6, NVIDIA H200, 70, 693.43, 141820, 143771, 98, 34
7, NVIDIA H200, 64, 693.39, 141820, 143771, 98, 34
2026-09-04T21:25:18+00:00
0, NVIDIA H200, 62, 694.48, 141820, 143771, 98, 34
1, NVIDIA H200, 72, 695.72, 141820, 143771, 98, 33
2, NVIDIA H200, 73, 695.80, 141820, 143771, 98, 33
3, NVIDIA H200, 64, 693.22, 141820, 143771, 98, 34
4, NVIDIA H200, 64, 695.23, 141820, 143771, 98, 33
5, NVIDIA H200, 71, 693.79, 141820, 143771, 98, 33
6, NVIDIA H200, 70, 692.27, 141820, 143771, 98, 33
7, NVIDIA H200, 64, 696.03, 141820, 143771, 98, 34
2026-09-04T21:25:23+00:00
0, NVIDIA H200, 59, 629.41, 141820, 143771, 99, 29
1, NVIDIA H200, 71, 664.01, 141820, 143771, 99, 29
2, NVIDIA H200, 70, 624.65, 141820, 143771, 98, 26
3, NVIDIA H200, 62, 634.31, 141820, 143771, 98, 23
4, NVIDIA H200, 60, 615.83, 141820, 143771, 99, 26
5, NVIDIA H200, 68, 625.81, 141820, 143771, 99, 27
6, NVIDIA H200, 68, 630.70, 141820, 143771, 98, 23
7, NVIDIA H200, 59, 617.94, 141820, 143771, 99, 22
2026-09-04T21:25:29+00:00
0, NVIDIA H200, 57, 460.04, 141820, 143771, 99, 25
1, NVIDIA H200, 68, 507.30, 141820, 143771, 99, 20
2, NVIDIA H200, 67, 462.18, 141820, 143771, 99, 28
3, NVIDIA H200, 59, 464.17, 141820, 143771, 99, 20
4, NVIDIA H200, 57, 446.12, 141820, 143771, 99, 21
5, NVIDIA H200, 65, 445.68, 141820, 143771, 99, 25
6, NVIDIA H200, 65, 472.26, 141820, 143771, 99, 21
7, NVIDIA H200, 58, 463.55, 141820, 143771, 99, 20
2026-09-04T21:25:34+00:00
0, NVIDIA H200, 62, 695.54, 141820, 143771, 98, 34
1, NVIDIA H200, 72, 692.78, 141820, 143771, 98, 34
2, NVIDIA H200, 72, 693.64, 141820, 143771, 98, 33
3, NVIDIA H200, 64, 693.38, 141820, 143771, 98, 34
4, NVIDIA H200, 63, 693.35, 141820, 143771, 98, 34
5, NVIDIA H200, 70, 693.95, 141820, 143771, 98, 33
6, NVIDIA H200, 70, 693.77, 141820, 143771, 98, 33
7, NVIDIA H200, 63, 691.65, 141820, 143771, 98, 34
2026-09-04T21:25:39+00:00
0, NVIDIA H200, 62, 692.82, 141820, 143771, 98, 33
1, NVIDIA H200, 71, 694.26, 141820, 143771, 98, 33
2, NVIDIA H200, 72, 693.99, 141820, 143771, 98, 33
3, NVIDIA H200, 64, 692.94, 141820, 143771, 98, 33
4, NVIDIA H200, 63, 691.84, 141820, 143771, 98, 34
5, NVIDIA H200, 70, 692.89, 141820, 143771, 98, 33
6, NVIDIA H200, 70, 696.42, 141820, 143771, 98, 33
7, NVIDIA H200, 64, 694.27, 141820, 143771, 98, 33
2026-09-04T21:25:44+00:00
0, NVIDIA H200, 62, 694.65, 141820, 143771, 98, 33
1, NVIDIA H200, 72, 694.08, 141820, 143771, 98, 33
2, NVIDIA H200, 72, 694.19, 141820, 143771, 98, 33
3, NVIDIA H200, 64, 695.32, 141820, 143771, 98, 33
4, NVIDIA H200, 64, 695.85, 141820, 143771, 98, 33
5, NVIDIA H200, 71, 693.94, 141820, 143771, 98, 33
6, NVIDIA H200, 70, 694.35, 141820, 143771, 98, 33
7, NVIDIA H200, 64, 693.53, 141820, 143771, 98, 33
2026-09-04T21:25:49+00:00
0, NVIDIA H200, 63, 692.39, 141820, 143771, 98, 33
1, NVIDIA H200, 72, 691.96, 141820, 143771, 98, 33
2, NVIDIA H200, 72, 696.09, 141820, 143771, 98, 33
3, NVIDIA H200, 64, 695.26, 141820, 143771, 98, 33
4, NVIDIA H200, 64, 694.99, 141820, 143771, 98, 33
5, NVIDIA H200, 71, 694.83, 141820, 143771, 98, 33
6, NVIDIA H200, 70, 695.53, 141820, 143771, 98, 33
7, NVIDIA H200, 64, 697.57, 141820, 143771, 98, 33
2026-09-04T21:25:55+00:00
0, NVIDIA H200, 63, 692.74, 141820, 143771, 98, 33
1, NVIDIA H200, 72, 695.06, 141820, 143771, 98, 33
2, NVIDIA H200, 72, 697.51, 141820, 143771, 98, 33
3, NVIDIA H200, 64, 693.90, 141820, 143771, 98, 33
4, NVIDIA H200, 64, 691.03, 141820, 143771, 98, 33
5, NVIDIA H200, 71, 690.92, 141820, 143771, 98, 33
6, NVIDIA H200, 70, 693.85, 141820, 143771, 98, 33
7, NVIDIA H200, 64, 694.36, 141820, 143771, 98, 34
2026-09-04T21:26:00+00:00
0, NVIDIA H200, 62, 694.91, 141820, 143771, 98, 33
1, NVIDIA H200, 72, 694.90, 141820, 143771, 98, 33
2, NVIDIA H200, 72, 694.07, 141820, 143771, 98, 34
3, NVIDIA H200, 64, 693.69, 141820, 143771, 98, 33
4, NVIDIA H200, 64, 693.13, 141820, 143771, 98, 33
5, NVIDIA H200, 71, 695.37, 141820, 143771, 98, 33
6, NVIDIA H200, 69, 693.19, 141820, 143771, 98, 34
7, NVIDIA H200, 64, 695.76, 141820, 143771, 98, 33
2026-09-04T21:26:05+00:00
0, NVIDIA H200, 62, 693.19, 141820, 143771, 98, 33
1, NVIDIA H200, 73, 692.81, 141820, 143771, 98, 33
2, NVIDIA H200, 72, 692.56, 141820, 143771, 98, 33
3, NVIDIA H200, 64, 693.97, 141820, 143771, 98, 33
4, NVIDIA H200, 64, 693.35, 141820, 143771, 98, 33
5, NVIDIA H200, 71, 696.11, 141820, 143771, 98, 34
6, NVIDIA H200, 70, 694.05, 141820, 143771, 98, 33
7, NVIDIA H200, 64, 693.09, 141820, 143771, 98, 33
2026-09-04T21:26:10+00:00
0, NVIDIA H200, 62, 693.79, 141820, 143771, 98, 33
1, NVIDIA H200, 72, 694.79, 141820, 143771, 98, 33
2, NVIDIA H200, 72, 694.59, 141820, 143771, 98, 33
3, NVIDIA H200, 64, 693.98, 141820, 143771, 98, 33
4, NVIDIA H200, 64, 692.83, 141820, 143771, 98, 33
5, NVIDIA H200, 71, 694.17, 141820, 143771, 98, 33
6, NVIDIA H200, 70, 694.32, 141820, 143771, 98, 33
7, NVIDIA H200, 64, 693.04, 141820, 143771, 98, 33
2026-09-04T21:26:16+00:00
0, NVIDIA H200, 63, 694.51, 141820, 143771, 98, 33
1, NVIDIA H200, 72, 693.21, 141820, 143771, 98, 33
2, NVIDIA H200, 72, 693.53, 141820, 143771, 98, 34
3, NVIDIA H200, 64, 692.86, 141820, 143771, 98, 33
4, NVIDIA H200, 64, 695.74, 141820, 143771, 98, 33
5, NVIDIA H200, 71, 695.21, 141820, 143771, 98, 33
6, NVIDIA H200, 71, 696.63, 141820, 143771, 98, 34
7, NVIDIA H200, 64, 692.69, 141820, 143771, 98, 33
2026-09-04T21:26:21+00:00
0, NVIDIA H200, 63, 695.95, 141820, 143771, 98, 33
1, NVIDIA H200, 72, 694.87, 141820, 143771, 98, 33
2, NVIDIA H200, 72, 695.57, 141820, 143771, 98, 33
3, NVIDIA H200, 64, 691.57, 141820, 143771, 98, 33
4, NVIDIA H200, 64, 694.61, 141820, 143771, 98, 33
5, NVIDIA H200, 71, 690.92, 141820, 143771, 98, 33
6, NVIDIA H200, 70, 691.67, 141820, 143771, 98, 33
7, NVIDIA H200, 64, 696.43, 141820, 143771, 98, 34
2026-09-04T21:26:26+00:00
0, NVIDIA H200, 63, 690.76, 141820, 143771, 98, 33
1, NVIDIA H200, 72, 692.97, 141820, 143771, 98, 33
2, NVIDIA H200, 73, 695.44, 141820, 143771, 98, 33
3, NVIDIA H200, 64, 693.77, 141820, 143771, 98, 33
4, NVIDIA H200, 64, 696.04, 141820, 143771, 98, 33
5, NVIDIA H200, 71, 691.88, 141820, 143771, 98, 33
6, NVIDIA H200, 70, 694.11, 141820, 143771, 98, 33
7, NVIDIA H200, 64, 691.71, 141820, 143771, 98, 33
2026-09-04T21:26:31+00:00
0, NVIDIA H200, 62, 637.38, 141820, 143771, 98, 30
1, NVIDIA H200, 73, 658.49, 141820, 143771, 98, 32
2, NVIDIA H200, 71, 632.59, 141820, 143771, 98, 30
3, NVIDIA H200, 64, 632.78, 141820, 143771, 98, 30
4, NVIDIA H200, 63, 634.07, 141820, 143771, 98, 32
5, NVIDIA H200, 71, 619.24, 141820, 143771, 98, 35
6, NVIDIA H200, 69, 631.63, 141820, 143771, 98, 33
7, NVIDIA H200, 64, 632.31, 141820, 143771, 98, 35
2026-09-04T21:26:36+00:00
0, NVIDIA H200, 48, 131.81, 141776, 143771, 0, 0
1, NVIDIA H200, 57, 140.95, 141776, 143771, 0, 0
2, NVIDIA H200, 57, 137.71, 141776, 143771, 0, 0
3, NVIDIA H200, 48, 134.78, 141776, 143771, 0, 0
4, NVIDIA H200, 47, 132.13, 141776, 143771, 0, 0
5, NVIDIA H200, 55, 136.28, 141776, 143771, 0, 0
6, NVIDIA H200, 54, 141.59, 141776, 143771, 0, 0
7, NVIDIA H200, 48, 133.33, 141776, 143771, 0, 0
